ID,sensor,tiempo,actividad,evento,exito
627,1,69161,1,0,0
628,1,62038,1,0,0
628,0,775215,1,0,0
627,1,858508,2,0,0
628,0,865140,2,0,0
627,0,950925,1,0,0
628,0,1047055,3,0,0
628,0,1047303,4,0,0
628,0,1048245,5,1,1
628,0,1048294,6,1,1
628,0,1048410,7,1,1
628,0,1048541,8,1,1
628,0,1048641,9,1,1
628,0,1048787,10,1,1
628,0,1048888,11,1,1
628,0,1049199,12,1,1
628,1,1113283,2,0,0
628,1,1113384,3,0,0
628,1,1113468,4,0,0
627,1,1173463,3,0,0
627,1,1173568,4,0,0
627,1,1174630,5,1,1
627,1,1174717,6,1,1
627,1,1174827,7,1,1
627,1,1174943,8,1,1
627,1,1175053,9,1,1
627,1,1175170,10,1,1
627,1,1175287,11,1,1
627,1,1175415,12,1,1
627,1,1175529,13,1,1
627,1,1175651,14,1,1
627,1,1175772,15,1,1
627,1,1175892,16,1,1
627,1,1176025,17,1,1
627,1,1176146,18,1,1
627,1,1176275,19,1,1
627,1,1176392,20,1,1
627,1,1176509,21,1,1
627,1,1177548,22,1,1
627,1,1182063,23,1,1
627,1,1182872,24,1,1
627,1,1186765,25,1,1
627,1,1186898,26,1,1
627,1,1187007,27,1,1
627,1,1187128,28,1,1
627,1,1187233,29,1,1
627,1,1187355,30,1,1
627,1,1187487,31,1,1
627,1,1187608,32,1,1
627,1,1187734,33,1,1
627,1,1187866,34,1,1
627,1,1188011,35,1,1
627,1,1188171,36,1,1
627,1,1188292,37,1,1
627,1,1188413,38,1,1
627,1,1188538,39,1,1
627,1,1188678,40,1,1
627,0,1223886,2,0,0
627,0,1224024,3,0,0
627,0,1224140,4,0,0
627,0,1225066,5,1,1
627,0,1225179,6,1,1
627,0,1225316,7,1,1
627,0,1225460,8,1,1
627,0,1225644,9,1,1
628,0,1213976,13,1,1
627,0,1225816,10,1,1
628,0,1214142,14,1,1
627,0,1225936,11,1,1
628,0,1214277,15,1,1
627,0,1239608,12,1,1
627,0,1239787,13,1,1
627,1,1254821,41,1,1
627,1,1254998,42,1,1
627,1,1255149,43,1,1
627,1,1255302,44,1,1
627,1,1256301,45,2,2
628,0,1335270,16,1,1
628,0,1336178,17,2,2
628,0,1336269,18,2,2
628,0,1336516,19,2,2
628,0,1336901,20,2,2
628,0,1337078,21,2,2
628,0,1337430,22,2,2
628,0,1397207,23,2,2
628,0,1397299,24,2,2
628,0,1397661,25,2,2
628,0,1399188,26,2,2
628,0,1400563,27,3,3
628,0,1400785,28,3,3
628,0,1400982,29,3,3
628,0,1401140,30,3,3
627,1,1418011,46,2,2
627,1,1418120,47,2,2
627,1,1418214,48,2,2
627,1,1418304,49,2,2
627,1,1419205,50,3,3
627,1,1419323,51,3,3
627,1,1419441,52,3,3
627,1,1419566,53,3,3
627,1,1419686,54,3,3
627,1,1419807,55,3,3
627,1,1419936,56,3,3
627,1,1420065,57,3,3
627,1,1420197,58,3,3
627,1,1420318,59,3,3
627,1,1420436,60,3,3
627,1,1420561,61,3,3
627,1,1420690,62,3,3
627,1,1420822,63,3,3
627,1,1420955,64,3,3
627,1,1421280,65,3,3
627,0,1434063,14,1,1
627,0,1434192,15,1,1
627,0,1435129,16,1,1
627,0,1435329,17,1,1
627,0,1436266,18,2,2
627,1,1457318,66,3,3
627,1,1457404,67,3,3
627,1,1457495,68,3,3
627,1,1457596,69,3,3
627,1,1458486,70,4,4
627,1,1458594,71,4,4
627,1,1458727,72,4,4
627,1,1458861,73,4,4
627,1,1458985,74,4,4
627,1,1459098,75,4,4
627,1,1459817,76,4,4
627,1,1459934,77,4,4
628,1,1491563,5,1,1
628,0,1500247,31,3,3
627,1,1555622,78,4,4
627,1,1555717,79,4,4
627,1,1555807,80,4,4
627,1,1555889,81,4,4
627,1,1556794,82,5,5
627,1,1556868,83,5,5
627,1,1556993,84,5,5
627,1,1557110,85,5,5
627,1,1557238,86,5,5
627,1,1557356,87,5,5
627,1,1557477,88,5,5
627,1,1557602,89,5,5
627,1,1557723,90,5,5
627,1,1557856,91,5,5
627,1,1557964,92,5,5
627,1,1558090,93,5,5
627,1,1558207,94,5,5
627,1,1558339,95,5,5
627,1,1558476,96,5,5
627,1,1558601,97,5,5
627,1,1558733,98,5,5
627,1,1558871,99,5,5
627,1,1562567,100,5,5
627,1,1562673,101,5,5
627,1,1562774,102,5,5
627,1,1562884,103,5,5
627,1,1563004,104,5,5
627,1,1563118,105,5,5
627,1,1563238,106,5,5
627,1,1563360,107,5,5
627,1,1563485,108,5,5
627,1,1563610,109,5,5
627,0,1569949,19,2,2
627,0,1570070,20,2,2
627,0,1570160,21,2,2
627,0,1572112,22,2,2
627,0,1573025,23,3,3
627,1,1612880,110,5,5
627,1,1612993,111,5,5
627,1,1613509,112,5,5
627,1,1613618,113,5,5
627,1,1614512,114,6,6
627,1,1614632,115,6,6
627,1,1614770,116,6,6
627,1,1614895,117,6,6
627,1,1615031,118,6,6
627,1,1615152,119,6,6
627,1,1615429,120,6,6
628,0,1670645,32,3,3
628,0,1670955,33,3,3
628,0,1671116,34,3,3
628,0,1672210,35,4,4
627,1,1689198,121,6,6
627,1,1689280,122,6,6
627,1,1689468,123,6,6
627,1,1689566,124,6,6
627,1,1690468,125,7,7
627,1,1690585,126,7,7
627,1,1690710,127,7,7
627,1,1690830,128,7,7
627,1,1690963,129,7,7
627,1,1691088,130,7,7
627,1,1691260,131,7,7
627,1,1691351,132,7,7
627,1,1691459,133,7,7
627,1,1691580,134,7,7
627,1,1691710,135,7,7
627,1,1691838,136,7,7
627,1,1691971,137,7,7
627,1,1692120,138,7,7
627,1,1692268,139,7,7
627,1,1692514,140,7,7
627,1,1692639,141,7,7
627,1,1692771,142,7,7
627,1,1692912,143,7,7
627,1,1711488,144,7,7
627,1,1711581,145,7,7
627,1,1711678,146,7,7
627,1,1711768,147,7,7
627,1,1712662,148,8,8
627,1,1712780,149,8,8
627,1,1712905,150,8,8
627,1,1713030,151,8,8
627,1,1713143,152,8,8
627,0,1751111,24,3,3
627,0,1751205,25,3,3
627,1,1827142,153,8,8
627,1,1827220,154,8,8
627,1,1827400,155,8,8
627,1,1827493,156,8,8
627,1,1828391,157,9,9
627,1,1828462,158,9,9
627,1,1828575,159,9,9
627,1,1828688,160,9,9
627,1,1828809,161,9,9
627,1,1828934,162,9,9
627,1,1829067,163,9,9
627,1,1829192,164,9,9
627,1,1829317,165,9,9
627,1,1829442,166,9,9
627,1,1829567,167,9,9
627,1,1829700,168,9,9
627,1,1829821,169,9,9
627,1,1829946,170,9,9
627,1,1830078,171,9,9
627,1,1830218,172,9,9
627,1,1830351,173,9,9
627,1,1830504,174,9,9
627,1,1830805,175,9,9
628,1,1818202,6,1,1
628,1,1818406,7,1,1
627,0,1843289,26,3,3
627,0,1843375,27,3,3
627,0,1844264,28,4,4
627,1,1850271,176,9,9
627,1,1850384,177,9,9
627,1,1850466,178,9,9
627,1,1850549,179,9,9
627,1,1851450,180,10,10
627,1,1851548,181,10,10
627,1,1851673,182,10,10
627,1,1851798,183,10,10
627,1,1851919,184,10,10
627,1,1852041,185,10,10
627,1,1852165,186,10,10
627,1,1852282,187,10,10
627,1,1852407,188,10,10
627,1,1852535,189,10,10
627,1,1852657,190,10,10
627,1,1852782,191,10,10
627,1,1852907,192,10,10
627,1,1853032,193,10,10
627,1,1853161,194,10,10
627,1,1853282,195,10,10
627,1,1853419,196,10,10
627,1,1853544,197,10,10
627,1,1853680,198,10,10
627,1,1853813,199,10,10
627,1,1853949,200,10,10
627,1,1854102,201,10,10
627,1,1854231,202,10,10
627,1,1854352,203,10,10
627,1,1854485,204,10,10
627,1,1854617,205,10,10
627,1,1854758,206,10,10
627,1,1854895,207,10,10
627,1,1855032,208,10,10
627,1,1855156,209,10,10
627,1,1855297,210,10,10
627,1,1855434,211,10,10
627,1,1855566,212,10,10
627,1,1855707,213,10,10
627,1,1855836,214,10,10
627,1,1855992,215,10,10
627,1,1856094,216,10,10
627,1,1856227,217,10,10
627,1,1856352,218,10,10
627,1,1856480,219,10,10
627,1,1856609,220,10,10
627,1,1856738,221,10,10
627,1,1856878,222,10,10
627,1,1857022,223,10,10
627,1,1857976,224,10,10
627,1,1858108,225,10,10
627,1,1858230,226,10,10
627,1,1858355,227,10,10
627,1,1858624,228,10,10
628,1,1864051,8,1,1
628,1,1864521,9,1,1
628,1,1865545,10,2,2
628,1,1865593,11,2,2
628,1,1866180,12,2,2
627,1,1884279,229,10,10
627,1,1884372,230,10,10
627,1,1884459,231,10,10
627,1,1884552,232,10,10
627,1,1885438,233,11,11
627,1,1885552,234,11,11
627,1,1885677,235,11,11
627,1,1885794,236,11,11
627,1,1885919,237,11,11
627,1,1886041,238,11,11
627,1,1886161,239,11,11
627,1,1886282,240,11,11
627,1,1886403,241,11,11
627,1,1886528,242,11,11
627,1,1886661,243,11,11
627,1,1886790,244,11,11
627,1,1886915,245,11,11
627,1,1887055,246,11,11
627,1,1887180,247,11,11
627,1,1887305,248,11,11
627,1,1887430,249,11,11
627,1,1887559,250,11,11
627,1,1887680,251,11,11
627,1,1887805,252,11,11
627,1,1887934,253,11,11
627,1,1888074,254,11,11
627,1,1888207,255,11,11
627,1,1888332,256,11,11
628,0,1874935,36,4,4
628,0,1875120,37,4,4
628,0,1875220,38,4,4
628,0,1875363,39,4,4
628,0,1876433,40,5,5
627,1,1923035,257,11,11
627,1,1923140,258,11,11
627,1,1923226,259,11,11
627,1,1923312,260,11,11
627,1,1924203,261,12,12
627,1,1924288,262,12,12
627,1,1924402,263,12,12
627,1,1924518,264,12,12
627,1,1924635,265,12,12
627,1,1924772,266,12,12
627,1,1924897,267,12,12
627,1,1927858,268,12,12
627,1,1927947,269,12,12
627,1,1928045,270,12,12
627,1,1928146,271,12,12
627,1,1928248,272,12,12
627,1,1928360,273,12,12
627,1,1928481,274,12,12
627,1,1928588,275,12,12
627,1,1928705,276,12,12
627,1,1928821,277,12,12
627,1,1928942,278,12,12
627,1,1929056,279,12,12
627,1,1929185,280,12,12
627,1,1929337,281,12,12
627,1,1929450,282,12,12
627,1,2006761,283,12,12
627,1,2006870,284,12,12
627,1,2006944,285,12,12
627,1,2007030,286,12,12
627,1,2007936,287,13,13
627,1,2007995,288,13,13
627,1,2008112,289,13,13
627,1,2008229,290,13,13
627,1,2008350,291,13,13
627,1,2008467,292,13,13
627,1,2008596,293,13,13
627,1,2008717,294,13,13
627,1,2008835,295,13,13
627,1,2008967,296,13,13
627,1,2009088,297,13,13
627,1,2009209,298,13,13
627,1,2009341,299,13,13
627,1,2009462,300,13,13
627,1,2009587,301,13,13
627,1,2009721,302,13,13
627,1,2009861,303,13,13
627,1,2009967,304,13,13
627,1,2010088,305,13,13
627,1,2010338,306,13,13
627,1,2010463,307,13,13
627,1,2010592,308,13,13
627,1,2010713,309,13,13
627,1,2010842,310,13,13
627,1,2010978,311,13,13
627,1,2011130,312,13,13
628,0,2022491,41,5,5
628,0,2022626,42,5,5
628,0,2022753,43,5,5
627,1,2050955,313,13,13
627,1,2051056,314,13,13
627,1,2051142,315,13,13
627,1,2051228,316,13,13
627,1,2052122,317,14,14
627,1,2052232,318,14,14
627,1,2052349,319,14,14
627,1,2052466,320,14,14
627,1,2052583,321,14,14
627,1,2052701,322,14,14
627,1,2052822,323,14,14
627,1,2052942,324,14,14
627,1,2053067,325,14,14
627,1,2053196,326,14,14
627,1,2053325,327,14,14
627,1,2053438,328,14,14
627,1,2053564,329,14,14
627,1,2053685,330,14,14
627,1,2053801,331,14,14
627,1,2053923,332,14,14
627,1,2054048,333,14,14
627,1,2054169,334,14,14
627,0,2086428,29,4,4
627,0,2086656,30,4,4
627,1,2104156,335,14,14
627,1,2104250,336,14,14
627,1,2104336,337,14,14
627,1,2104429,338,14,14
627,1,2105323,339,15,15
627,1,2105402,340,15,15
627,1,2105516,341,15,15
627,1,2105632,342,15,15
627,1,2105749,343,15,15
627,1,2105870,344,15,15
627,1,2105988,345,15,15
627,1,2106108,346,15,15
627,1,2106229,347,15,15
627,1,2106350,348,15,15
627,1,2106475,349,15,15
627,1,2106600,350,15,15
627,1,2106726,351,15,15
627,1,2106855,352,15,15
627,1,2106972,353,15,15
627,1,2107097,354,15,15
627,1,2107222,355,15,15
627,1,2107342,356,15,15
627,1,2109624,357,15,15
627,1,2109736,358,15,15
627,1,2109838,359,15,15
627,1,2109943,360,15,15
627,1,2110053,361,15,15
627,1,2110167,362,15,15
627,1,2110272,363,15,15
627,1,2110530,364,15,15
627,1,2110647,365,15,15
627,1,2126960,366,15,15
627,1,2127057,367,15,15
627,1,2127151,368,15,15
627,1,2127249,369,15,15
627,1,2128147,370,16,16
627,1,2128159,371,16,16
627,1,2128279,372,16,16
627,1,2128397,373,16,16
627,1,2128526,374,16,16
627,1,2128651,375,16,16
627,1,2128772,376,16,16
627,1,2128897,377,16,16
627,1,2129021,378,16,16
627,1,2129139,379,16,16
627,1,2129256,380,16,16
627,1,2129381,381,16,16
627,1,2129506,382,16,16
627,1,2129639,383,16,16
627,1,2129775,384,16,16
627,1,2129912,385,16,16
628,1,2148434,13,2,2
628,1,2148554,14,2,2
628,1,2148685,15,2,2
627,1,2190322,386,16,16
627,1,2190407,387,16,16
627,1,2190497,388,16,16
627,1,2190575,389,16,16
627,1,2191462,390,17,17
627,1,2191527,391,17,17
627,1,2191638,392,17,17
627,1,2191751,393,17,17
627,1,2191864,394,17,17
627,1,2191981,395,17,17
627,1,2192094,396,17,17
627,1,2192207,397,17,17
627,1,2192328,398,17,17
627,1,2192464,399,17,17
627,1,2192582,400,17,17
627,1,2192707,401,17,17
627,1,2192828,402,17,17
627,1,2192965,403,17,17
627,1,2193094,404,17,17
627,1,2193230,405,17,17
627,1,2193355,406,17,17
627,1,2193511,407,17,17
627,1,2193655,408,17,17
627,1,2193780,409,17,17
627,1,2193898,410,17,17
627,1,2199430,411,17,17
627,1,2199524,412,17,17
627,1,2199836,413,17,17
627,1,2199942,414,17,17
627,1,2200039,415,17,17
627,1,2200144,416,17,17
627,1,2200246,417,17,17
627,1,2200355,418,17,17
627,1,2200480,419,17,17
627,1,2200597,420,17,17
627,1,2200719,421,17,17
627,1,2200844,422,17,17
627,1,2200972,423,17,17
627,1,2201226,424,17,17
627,1,2217073,425,17,17
627,1,2217175,426,17,17
627,1,2217269,427,17,17
627,1,2217373,428,17,17
627,1,2218284,429,18,18
627,1,2265307,430,18,18
627,1,2265389,431,18,18
627,1,2265466,432,18,18
627,1,2265561,433,18,18
627,1,2266455,434,19,19
627,1,2266502,435,19,19
627,1,2266728,436,19,19
627,1,2266833,437,19,19
627,1,2266950,438,19,19
627,1,2267064,439,19,19
627,1,2267185,440,19,19
627,1,2267305,441,19,19
627,1,2267419,442,19,19
627,1,2267532,443,19,19
627,1,2267770,444,19,19
627,1,2267891,445,19,19
627,1,2268016,446,19,19
627,1,2268141,447,19,19
627,1,2268266,448,19,19
627,1,2268399,449,19,19
627,1,2268520,450,19,19
627,1,2268653,451,19,19
627,1,2268781,452,19,19
627,1,2268918,453,19,19
627,1,2269422,454,19,19
627,1,2269554,455,19,19
627,1,2269696,456,19,19
628,0,2330512,44,5,5
628,0,2331432,45,6,6
627,1,2387656,457,19,19
627,1,2387750,458,19,19
627,1,2387840,459,19,19
627,1,2387934,460,19,19
627,1,2388827,461,20,20
627,1,2388840,462,20,20
627,1,2388964,463,20,20
627,1,2389206,464,20,20
627,1,2389315,465,20,20
627,1,2389428,466,20,20
627,1,2389550,467,20,20
627,1,2389686,468,20,20
627,1,2389807,469,20,20
627,1,2389932,470,20,20
627,1,2390061,471,20,20
627,1,2390190,472,20,20
627,1,2390318,473,20,20
627,1,2390451,474,20,20
627,1,2390588,475,20,20
627,1,2390712,476,20,20
627,1,2390845,477,20,20
627,1,2390974,478,20,20
627,1,2391106,479,20,20
627,1,2391239,480,20,20
627,1,2391372,481,20,20
627,1,2391513,482,20,20
627,1,2391669,483,20,20
627,1,2391801,484,20,20
627,1,2391942,485,20,20
627,1,2392236,486,20,20
628,1,2402492,16,2,2
628,1,2403396,17,3,3
627,1,2424668,487,20,20
627,1,2424762,488,20,20
627,1,2424851,489,20,20
627,1,2424948,490,20,20
627,1,2425850,491,21,21
627,1,2425960,492,21,21
627,1,2426089,493,21,21
627,1,2426214,494,21,21
627,1,2426331,495,21,21
627,1,2426456,496,21,21
627,1,2426572,497,21,21
627,1,2426693,498,21,21
627,1,2426818,499,21,21
627,1,2426947,500,21,21
627,1,2427072,501,21,21
627,1,2427205,502,21,21
627,1,2427334,503,21,21
627,1,2427466,504,21,21
627,1,2427607,505,21,21
627,1,2427740,506,21,21
627,1,2427873,507,21,21
627,1,2428021,508,21,21
627,1,2428162,509,21,21
627,1,2428298,510,21,21
627,1,2428427,511,21,21
627,1,2428556,512,21,21
627,1,2428810,513,21,21
627,1,2431479,514,21,21
627,1,2431593,515,21,21
627,1,2431714,516,21,21
627,1,2431826,517,21,21
627,1,2437422,518,21,21
627,1,2437671,519,21,21
627,1,2437776,520,21,21
627,1,2437866,521,21,21
627,1,2437964,522,21,21
627,1,2438069,523,21,21
627,1,2438170,524,21,21
627,1,2438284,525,21,21
627,1,2438396,526,21,21
627,1,2438530,527,21,21
627,1,2438650,528,21,21
627,1,2438767,529,21,21
627,1,2438904,530,21,21
627,1,2439010,531,21,21
627,1,2489520,532,21,21
627,1,2489618,533,21,21
627,1,2489711,534,21,21
627,1,2489801,535,21,21
627,1,2490698,536,22,22
627,1,2490765,537,22,22
627,1,2490894,538,22,22
627,1,2491019,539,22,22
627,1,2491148,540,22,22
627,1,2491284,541,22,22
627,1,2529056,542,22,22
627,1,2529154,543,22,22
627,1,2529235,544,22,22
627,1,2529334,545,22,22
627,1,2530228,546,23,23
627,1,2603859,547,23,23
627,1,2603945,548,23,23
627,1,2604039,549,23,23
627,1,2604129,550,23,23
627,1,2605023,551,24,24
627,1,2605144,552,24,24
627,1,2605277,553,24,24
627,1,2605398,554,24,24
627,1,2605518,555,24,24
627,1,2605643,556,24,24
627,1,2605772,557,24,24
627,1,2605901,558,24,24
627,1,2606029,559,24,24
627,1,2606158,560,24,24
627,1,2606307,561,24,24
627,1,2606440,562,24,24
627,1,2606572,563,24,24
627,1,2606708,564,24,24
627,1,2606845,565,24,24
627,1,2606986,566,24,24
627,1,2607134,567,24,24
627,1,2607244,568,24,24
627,1,2611742,569,24,24
627,1,2611859,570,24,24
627,1,2611960,571,24,24
627,0,2696318,31,4,4
627,0,2696428,32,4,4
627,0,2697389,33,5,5
627,0,2697809,34,5,5
627,0,2698001,35,5,5
627,0,2698454,36,5,5
627,1,2734664,572,24,24
627,1,2734761,573,24,24
627,1,2734852,574,24,24
627,1,2734938,575,24,24
627,1,2735832,576,25,25
627,1,2735918,577,25,25
627,1,2736034,578,25,25
627,1,2736152,579,25,25
627,1,2736277,580,25,25
627,1,2736398,581,25,25
627,1,2736523,582,25,25
627,1,2736640,583,25,25
627,1,2736760,584,25,25
627,1,2736885,585,25,25
627,1,2737027,586,25,25
627,1,2737156,587,25,25
627,1,2737280,588,25,25
627,1,2737413,589,25,25
627,1,2737553,590,25,25
627,1,2737698,591,25,25
627,1,2739411,592,25,25
627,1,2739552,593,25,25
627,1,2739646,594,25,25
627,1,2755724,595,25,25
627,1,2755837,596,25,25
627,1,2755939,597,25,25
627,1,2756028,598,25,25
627,1,2756926,599,26,26
627,1,2757086,600,26,26
627,1,2757208,601,26,26
627,1,2757438,602,26,26
627,1,2757563,603,26,26
627,1,2757677,604,26,26
627,1,2757793,605,26,26
627,1,2757926,606,26,26
627,1,2758051,607,26,26
627,1,2758172,608,26,26
627,1,2758304,609,26,26
627,1,2758433,610,26,26
627,1,2758571,611,26,26
627,1,2758691,612,26,26
627,1,2758836,613,26,26
627,1,2758976,614,26,26
627,1,2759109,615,26,26
628,1,2872946,18,3,3
628,1,2873321,19,3,3
628,1,2873533,20,3,3
627,1,2962668,616,26,26
627,1,2962758,617,26,26
627,1,2962840,618,26,26
627,1,2962930,619,26,26
627,1,2963820,620,27,27
627,1,2963917,621,27,27
627,1,2964034,622,27,27
627,1,2964144,623,27,27
627,1,2964265,624,27,27
627,1,2964386,625,27,27
627,1,2964503,626,27,27
627,1,2964628,627,27,27
627,1,2964768,628,27,27
627,1,2964889,629,27,27
627,1,2965018,630,27,27
627,1,2965139,631,27,27
627,1,2965264,632,27,27
627,1,2965385,633,27,27
627,1,2965518,634,27,27
627,1,2965643,635,27,27
627,1,2965772,636,27,27
627,1,2965904,637,27,27
627,1,2966029,638,27,27
627,1,2966162,639,27,27
627,1,2966298,640,27,27
627,1,2966435,641,27,27
627,1,2966584,642,27,27
627,1,2966713,643,27,27
627,1,2966841,644,27,27
627,1,2966974,645,27,27
627,1,2967118,646,27,27
627,1,2967250,647,27,27
627,1,2972982,648,27,27
627,1,2973107,649,27,27
627,1,2973200,650,27,27
627,1,2973290,651,27,27
627,1,2973395,652,27,27
627,1,2973505,653,27,27
627,1,2973622,654,27,27
627,1,2973743,655,27,27
627,1,2973859,656,27,27
627,1,2973980,657,27,27
627,1,2974098,658,27,27
627,1,2974352,659,27,27
627,1,2974477,660,27,27
627,1,2974598,661,27,27
627,1,2974723,662,27,27
627,1,2974848,663,27,27
627,1,2974977,664,27,27
627,1,2975106,665,27,27
627,1,2975230,666,27,27
627,1,2975363,667,27,27
627,1,2975518,668,27,27
627,1,2975655,669,27,27
627,1,2975796,670,27,27
627,1,2981472,671,27,27
627,1,2981585,672,27,27
627,1,2981691,673,27,27
627,1,2981788,674,27,27
627,1,2981898,675,27,27
627,1,2982011,676,27,27
627,1,2982128,677,27,27
627,1,2982253,678,27,27
627,1,2982378,679,27,27
627,1,2982503,680,27,27
627,1,2982764,681,27,27
627,1,2982897,682,27,27
627,1,2983030,683,27,27
627,1,2983155,684,27,27
627,1,2999664,685,27,27
627,1,2999770,686,27,27
627,1,3000672,687,28,28
627,1,3000785,688,28,28
627,1,3000910,689,28,28
627,1,3001038,690,28,28
627,1,3001167,691,28,28
627,1,3001285,692,28,28
627,1,3001410,693,28,28
627,1,3001538,694,28,28
627,1,3001675,695,28,28
627,1,3001800,696,28,28
627,1,3001925,697,28,28
627,1,3002057,698,28,28
627,1,3002186,699,28,28
627,1,3002319,700,28,28
627,1,3002444,701,28,28
627,1,3002577,702,28,28
627,1,3002718,703,28,28
627,1,3002850,704,28,28
627,1,3002979,705,28,28
627,1,3003120,706,28,28
627,1,3003248,707,28,28
627,1,3003377,708,28,28
627,1,3003522,709,28,28
627,1,3003655,710,28,28
627,1,3003807,711,28,28
627,1,3003943,712,28,28
627,1,3004088,713,28,28
627,1,3004201,714,28,28
628,0,2999479,46,6,6
628,0,2999880,47,6,6
628,0,2999992,48,6,6
628,0,3000100,49,6,6
628,0,3001006,50,7,7
628,0,3001022,51,7,7
628,0,3001269,52,7,7
628,0,3001966,53,7,7
628,0,3002059,54,7,7
628,0,3002175,55,7,7
628,0,3002298,56,7,7
628,0,3002430,57,7,7
628,0,3002560,58,7,7
628,0,3002950,59,7,7
628,0,3003077,60,7,7
628,0,3003205,61,7,7
628,0,3003335,62,7,7
628,0,3018778,63,7,7
627,1,3043132,715,28,28
627,1,3043222,716,28,28
627,1,3043312,717,28,28
627,1,3043409,718,28,28
627,1,3044401,719,29,29
627,1,3044421,720,29,29
627,1,3044549,721,29,29
627,1,3044674,722,29,29
627,1,3044796,723,29,29
627,1,3044913,724,29,29
627,1,3045029,725,29,29
627,1,3045158,726,29,29
627,1,3045283,727,29,29
627,1,3045416,728,29,29
627,1,3045544,729,29,29
627,1,3045686,730,29,29
627,1,3045818,731,29,29
627,1,3045959,732,29,29
627,1,3046080,733,29,29
627,1,3046209,734,29,29
627,1,3046349,735,29,29
627,1,3086383,736,29,29
627,1,3086480,737,29,29
627,1,3086562,738,29,29
627,1,3086659,739,29,29
627,1,3087553,740,30,30
627,1,3087643,741,30,30
627,1,3087756,742,30,30
627,1,3087869,743,30,30
627,1,3087998,744,30,30
627,1,3088112,745,30,30
627,1,3088237,746,30,30
627,1,3088354,747,30,30
627,1,3088475,748,30,30
627,1,3088591,749,30,30
627,1,3088716,750,30,30
627,1,3088845,751,30,30
627,1,3088978,752,30,30
627,1,3089107,753,30,30
627,1,3089232,754,30,30
627,1,3089369,755,30,30
627,1,3089494,756,30,30
627,1,3089630,757,30,30
627,1,3109524,758,30,30
627,1,3109625,759,30,30
627,1,3109720,760,30,30
627,1,3109820,761,30,30
627,1,3110722,762,31,31
627,1,3146693,763,31,31
627,1,3146782,764,31,31
627,1,3146868,765,31,31
627,1,3147052,766,31,31
627,1,3148040,767,32,32
627,1,3148148,768,32,32
627,1,3148269,769,32,32
627,1,3148387,770,32,32
627,1,3148508,771,32,32
627,1,3148741,772,32,32
627,1,3148863,773,32,32
627,1,3148988,774,32,32
627,1,3149109,775,32,32
627,1,3149234,776,32,32
627,1,3149359,777,32,32
627,1,3149472,778,32,32
627,1,3149621,779,32,32
627,1,3149746,780,32,32
627,1,3149867,781,32,32
627,1,3149999,782,32,32
627,1,3260229,783,32,32
627,1,3260311,784,32,32
627,1,3260486,785,32,32
627,1,3260584,786,32,32
627,1,3261478,787,33,33
627,1,3261602,788,33,33
627,1,3261723,789,33,33
627,1,3261845,790,33,33
627,1,3261973,791,33,33
627,1,3262091,792,33,33
627,1,3262216,793,33,33
627,1,3262337,794,33,33
627,1,3262457,795,33,33
627,1,3262590,796,33,33
627,1,3262715,797,33,33
627,1,3262844,798,33,33
627,1,3262981,799,33,33
627,1,3263118,800,33,33
627,1,3263250,801,33,33
627,1,3263379,802,33,33
627,1,3263516,803,33,33
627,1,3263651,804,33,33
627,1,3263785,805,33,33
627,1,3263933,806,33,33
627,1,3264073,807,33,33
627,1,3264215,808,33,33
627,1,3264359,809,33,33
627,1,3264495,810,33,33
627,1,3280500,811,33,33
627,1,3280614,812,33,33
627,1,3280707,813,33,33
627,1,3280797,814,33,33
627,1,3280918,815,33,33
627,1,3281028,816,33,33
627,1,3281937,817,34,34
627,1,3282002,818,34,34
627,1,3282131,819,34,34
627,1,3282268,820,34,34
627,1,3282397,821,34,34
627,1,3282526,822,34,34
627,1,3282654,823,34,34
627,1,3282783,824,34,34
627,1,3282916,825,34,34
627,1,3283045,826,34,34
627,1,3283173,827,34,34
627,1,3283306,828,34,34
627,1,3283439,829,34,34
627,1,3283575,830,34,34
627,1,3283716,831,34,34
627,1,3283853,832,34,34
627,1,3283989,833,34,34
627,1,3284126,834,34,34
627,1,3284267,835,34,34
627,1,3284433,836,34,34
627,1,3284571,837,34,34
627,1,3284711,838,34,34
627,1,3284844,839,34,34
627,1,3284984,840,34,34
627,1,3285129,841,34,34
627,1,3285266,842,34,34
627,1,3285383,843,34,34
627,1,3285508,844,34,34
627,1,3285641,845,34,34
627,1,3285781,846,34,34
627,1,3285925,847,34,34
627,1,3353692,848,34,34
627,1,3353797,849,34,34
627,1,3353894,850,34,34
627,1,3353980,851,34,34
627,1,3354870,852,35,35
627,1,3354902,853,35,35
627,1,3355015,854,35,35
627,1,3355132,855,35,35
627,1,3355257,856,35,35
627,1,3355385,857,35,35
627,1,3355507,858,35,35
627,1,3355635,859,35,35
627,1,3355768,860,35,35
627,1,3355889,861,35,35
627,1,3356026,862,35,35
627,1,3356163,863,35,35
627,1,3356283,864,35,35
627,0,3525510,37,5,5
627,0,3525630,38,5,5
627,0,3525794,39,5,5
627,1,3542382,865,35,35
627,1,3542472,866,35,35
627,1,3542656,867,35,35
627,1,3542753,868,35,35
627,1,3543651,869,36,36
627,1,3543763,870,36,36
627,1,3543881,871,36,36
627,1,3543999,872,36,36
627,1,3544124,873,36,36
627,1,3544241,874,36,36
627,1,3544361,875,36,36
627,1,3544502,876,36,36
627,1,3544631,877,36,36
627,1,3544760,878,36,36
627,1,3544889,879,36,36
627,1,3545014,880,36,36
627,1,3545143,881,36,36
627,1,3545275,882,36,36
627,1,3545412,883,36,36
627,1,3545548,884,36,36
627,1,3545681,885,36,36
627,1,3545815,886,36,36
627,1,3545951,887,36,36
627,1,3546084,888,36,36
627,1,3546212,889,36,36
627,1,3546353,890,36,36
627,1,3546498,891,36,36
627,1,3546646,892,36,36
627,1,3546790,893,36,36
627,1,3546942,894,36,36
627,1,3553778,895,36,36
627,1,3553918,896,36,36
627,1,3554020,897,36,36
627,1,3554243,898,36,36
627,1,3554353,899,36,36
627,1,3554461,900,36,36
627,1,3554579,901,36,36
627,1,3554696,902,36,36
627,1,3554818,903,36,36
627,1,3554947,904,36,36
627,1,3555075,905,36,36
627,1,3555204,906,36,36
627,1,3555344,907,36,36
627,1,3555484,908,36,36
627,1,3555625,909,36,36
627,1,3555762,910,36,36
627,1,3555891,911,36,36
627,1,3618826,912,36,36
627,1,3618919,913,36,36
627,1,3619005,914,36,36
627,1,3619106,915,36,36
627,1,3620008,916,37,37
627,1,3620032,917,37,37
627,1,3620317,918,37,37
627,1,3620439,919,37,37
627,1,3620559,920,37,37
627,1,3620684,921,37,37
627,1,3620812,922,37,37
627,1,3620950,923,37,37
627,1,3621083,924,37,37
627,1,3621219,925,37,37
627,1,3621366,926,37,37
627,1,3621491,927,37,37
627,1,3639988,928,37,37
627,1,3640100,929,37,37
627,1,3640206,930,37,37
627,1,3640304,931,37,37
627,1,3641205,932,38,38
627,1,3641241,933,38,38
627,1,3641374,934,38,38
627,1,3641499,935,38,38
627,1,3641628,936,38,38
627,1,3641768,937,38,38
627,1,3641893,938,38,38
627,1,3642030,939,38,38
627,1,3642163,940,38,38
627,1,3642292,941,38,38
627,1,3642424,942,38,38
627,1,3642549,943,38,38
627,1,3642697,944,38,38
627,1,3642947,945,38,38
627,1,3643072,946,38,38
627,1,3643197,947,38,38
627,1,3643330,948,38,38
627,1,3643466,949,38,38
627,1,3643599,950,38,38
627,1,3643736,951,38,38
627,1,3643872,952,38,38
627,1,3644033,953,38,38
627,1,3644169,954,38,38
627,1,3644470,955,38,38
627,1,3644595,956,38,38
627,1,3646968,957,38,38
627,1,3647187,958,38,38
627,1,3647328,959,38,38
627,1,3683483,960,38,38
627,1,3683585,961,38,38
627,1,3683671,962,38,38
627,1,3683768,963,38,38
627,1,3684670,964,39,39
627,1,3684780,965,39,39
627,1,3684900,966,39,39
627,1,3685025,967,39,39
627,1,3685154,968,39,39
627,1,3685283,969,39,39
627,1,3685408,970,39,39
627,1,3685541,971,39,39
627,1,3685670,972,39,39
627,1,3685795,973,39,39
627,1,3685932,974,39,39
627,1,3686072,975,39,39
627,1,3686197,976,39,39
627,1,3801005,977,39,39
627,1,3801095,978,39,39
627,1,3801177,979,39,39
627,1,3801267,980,39,39
627,1,3802157,981,40,40
627,1,3802269,982,40,40
627,1,3802391,983,40,40
627,1,3802519,984,40,40
627,1,3802644,985,40,40
627,1,3802769,986,40,40
627,1,3802894,987,40,40
627,1,3803023,988,40,40
627,1,3803137,989,40,40
627,1,3803257,990,40,40
627,1,3803386,991,40,40
627,1,3803520,992,40,40
627,1,3803648,993,40,40
627,1,3803781,994,40,40
627,1,3803921,995,40,40
627,1,3804190,996,40,40
627,1,3804311,997,40,40
627,1,3804437,998,40,40
627,1,3804565,999,40,40
627,1,3804694,1000,40,40
627,1,3804831,1001,40,40
627,1,3804972,1002,40,40
627,1,3805123,1003,40,40
627,1,3805260,1004,40,40
627,1,3805408,1005,40,40
627,1,3805564,1006,40,40
627,1,3805717,1007,40,40
627,1,3805865,1008,40,40
627,1,3810967,1009,40,40
627,1,3811069,1010,40,40
627,1,3811186,1011,40,40
627,1,3811307,1012,40,40
627,1,3811424,1013,40,40
627,1,3811545,1014,40,40
627,1,3811674,1015,40,40
627,1,3812087,1016,40,40
627,1,3812209,1017,40,40
627,1,3812341,1018,40,40
627,1,3812474,1019,40,40
627,1,3843274,1020,40,40
627,1,3843379,1021,40,40
627,1,3843477,1022,40,40
627,1,3843578,1023,40,40
627,1,3844492,1024,41,41
627,1,3844505,1025,41,41
627,1,3844632,1026,41,41
627,1,3844762,1027,41,41
627,1,3844894,1028,41,41
627,1,3845035,1029,41,41
627,1,3845168,1030,41,41
627,1,3845305,1031,41,41
627,1,3845452,1032,41,41
627,1,3845601,1033,41,41
627,1,3845753,1034,41,41
627,1,3845890,1035,41,41
627,1,3890245,1036,41,41
627,1,3890362,1037,41,41
627,1,3890452,1038,41,41
627,1,3890545,1039,41,41
627,1,3891443,1040,42,42
627,1,3891460,1041,42,42
627,1,3891592,1042,42,42
627,1,3891717,1043,42,42
627,1,3891837,1044,42,42
627,1,3891966,1045,42,42
627,1,3892096,1046,42,42
627,1,3892224,1047,42,42
627,1,3892357,1048,42,42
627,1,3892486,1049,42,42
627,1,3892615,1050,42,42
627,1,3892747,1051,42,42
627,1,3892880,1052,42,42
627,1,3893013,1053,42,42
627,1,3893149,1054,42,42
627,1,3893285,1055,42,42
627,1,3893419,1056,42,42
627,1,3893559,1057,42,42
627,1,3893700,1058,42,42
627,1,3893848,1059,42,42
627,1,3894001,1060,42,42
627,0,3977180,40,5,5
627,0,3978074,41,6,6
627,1,3992979,1061,42,42
627,1,3993076,1062,42,42
627,1,3993178,1063,42,42
627,1,3993268,1064,42,42
627,1,3994166,1065,43,43
627,1,3994287,1066,43,43
627,1,3994412,1067,43,43
627,1,3994536,1068,43,43
627,1,3994853,1069,43,43
627,1,3994907,1070,43,43
627,1,3995028,1071,43,43
627,1,3995165,1072,43,43
627,1,3995294,1073,43,43
627,1,3995422,1074,43,43
627,1,3995559,1075,43,43
627,1,3995693,1076,43,43
627,1,3995837,1077,43,43
627,1,3995977,1078,43,43
627,1,3996118,1079,43,43
627,1,3996258,1080,43,43
627,1,4021917,1081,43,43
627,1,4022014,1082,43,43
627,1,4022105,1083,43,43
627,1,4022202,1084,43,43
627,1,4023092,1085,44,44
627,1,4023105,1086,44,44
627,1,4023217,1087,44,44
627,1,4023342,1088,44,44
627,1,4023467,1089,44,44
627,1,4023591,1090,44,44
627,1,4023716,1091,44,44
627,1,4023841,1092,44,44
627,1,4023966,1093,44,44
627,1,4024099,1094,44,44
627,1,4024220,1095,44,44
627,1,4024341,1096,44,44
627,1,4024474,1097,44,44
627,1,4024606,1098,44,44
627,1,4024748,1099,44,44
627,1,4024876,1100,44,44
627,1,4025005,1101,44,44
627,1,4025153,1102,44,44
627,1,4025286,1103,44,44
627,1,4025426,1104,44,44
627,1,4025567,1105,44,44
627,1,4027332,1106,44,44
627,1,4027535,1107,44,44
627,1,4028402,1108,44,44
627,1,4028504,1109,44,44
627,1,4028620,1110,44,44
627,1,4028726,1111,44,44
627,1,4028844,1112,44,44
627,1,4028960,1113,44,44
627,1,4029077,1114,44,44
627,1,4029206,1115,44,44
627,1,4029335,1116,44,44
627,1,4029464,1117,44,44
627,1,4029608,1118,44,44
627,1,4029741,1119,44,44
627,1,4029878,1120,44,44
627,1,4030011,1121,44,44
627,1,4030139,1122,44,44
627,1,4030296,1123,44,44
627,1,4030436,1124,44,44
627,1,4030573,1125,44,44
627,1,4030678,1126,44,44
627,1,4030811,1127,44,44
627,1,4030936,1128,44,44
627,1,4031065,1129,44,44
627,1,4031197,1130,44,44
627,1,4031338,1131,44,44
627,1,4031482,1132,44,44
627,0,4366531,42,6,6
627,0,4368097,43,6,6
627,0,4368753,44,6,6
627,0,4369042,45,6,6
627,0,4370333,46,7,7
627,0,4370358,47,7,7
627,0,4371970,48,7,7
627,0,4375511,49,7,7
627,0,4379806,50,7,7
627,0,4381657,51,7,7
627,1,4402703,1133,44,44
627,1,4402808,1134,44,44
627,1,4402894,1135,44,44
627,1,4403000,1136,44,44
627,1,4403898,1137,45,45
627,1,4404019,1138,45,45
627,1,4404140,1139,45,45
627,1,4404257,1140,45,45
627,1,4404386,1141,45,45
627,1,4404510,1142,45,45
627,1,4404632,1143,45,45
627,1,4404764,1144,45,45
627,1,4404893,1145,45,45
627,1,4405026,1146,45,45
627,1,4405175,1147,45,45
627,1,4405315,1148,45,45
627,1,4405447,1149,45,45
627,1,4405584,1150,45,45
627,1,4405722,1151,45,45
627,1,4405854,1152,45,45
627,1,4405990,1153,45,45
627,1,4406127,1154,45,45
627,1,4406267,1155,45,45
627,1,4406412,1156,45,45
627,1,4406556,1157,45,45
627,1,4406701,1158,45,45
627,1,4406845,1159,45,45
627,1,4407052,1160,45,45
627,1,4407192,1161,45,45
627,1,4407341,1162,45,45
627,1,4407478,1163,45,45
627,1,4407622,1164,45,45
627,1,4407771,1165,45,45
627,1,4407915,1166,45,45
627,1,4408071,1167,45,45
627,1,4408235,1168,45,45
627,1,4408387,1169,45,45
627,1,4408547,1170,45,45
627,1,4408734,1171,45,45
627,1,4408891,1172,45,45
627,1,4409035,1173,45,45
627,1,4409191,1174,45,45
627,1,4409339,1175,45,45
627,1,4409473,1176,45,45
627,1,4409889,1177,45,45
627,1,4410003,1178,45,45
627,1,4410136,1179,45,45
627,1,4410272,1180,45,45
627,1,4410418,1181,45,45
627,1,4410565,1182,45,45
627,1,4410729,1183,45,45
627,1,4410920,1184,45,45
627,1,4411084,1185,45,45
627,1,4411678,1186,45,45
627,1,4420766,1187,45,45
627,1,4420894,1188,45,45
627,1,4421027,1189,45,45
627,1,4421133,1190,45,45
627,1,4421245,1191,45,45
627,1,4421366,1192,45,45
627,1,4421495,1193,45,45
627,1,4421637,1194,45,45
627,1,4421777,1195,45,45
627,1,4421917,1196,45,45
627,1,4422225,1197,45,45
627,1,4422445,1198,45,45
627,1,4422621,1199,45,45
627,1,4426114,1200,45,45
627,1,4426247,1201,45,45
627,1,4427360,1202,45,45
627,1,4427496,1203,45,45
627,1,4428409,1204,46,46
627,1,4479774,1205,46,46
627,1,4479888,1206,46,46
627,1,4479981,1207,46,46
627,1,4480071,1208,46,46
627,1,4480965,1209,47,47
627,1,4481055,1210,47,47
627,1,4481172,1211,47,47
627,1,4481286,1212,47,47
627,1,4481410,1213,47,47
627,1,4481536,1214,47,47
627,1,4481659,1215,47,47
627,1,4481793,1216,47,47
627,1,4481937,1217,47,47
627,1,4482070,1218,47,47
627,1,4482202,1219,47,47
627,1,4482351,1220,47,47
627,1,4482480,1221,47,47
627,1,4482613,1222,47,47
627,1,4482749,1223,47,47
627,1,4482870,1224,47,47
627,1,4482999,1225,47,47
627,1,4483151,1226,47,47
627,1,4483292,1227,47,47
627,1,4483432,1228,47,47
627,1,4483565,1229,47,47
627,1,4483709,1230,47,47
627,1,4483873,1231,47,47
627,1,4487723,1232,47,47
627,1,4505239,1233,47,47
627,1,4505384,1234,47,47
627,1,4505446,1235,47,47
627,1,4505555,1236,47,47
627,1,4506458,1237,48,48
627,1,4517038,1238,48,48
627,1,4517131,1239,48,48
627,1,4517232,1240,48,48
627,1,4517326,1241,48,48
627,1,4517424,1242,48,48
627,1,4517533,1243,48,48
627,1,4517626,1244,48,48
627,1,4517740,1245,48,48
627,1,4517857,1246,48,48
627,1,4517969,1247,48,48
627,1,4518099,1248,48,48
627,1,4518220,1249,48,48
627,1,4518341,1250,48,48
627,1,4518458,1251,48,48
627,1,4518591,1252,48,48
627,1,4518719,1253,48,48
627,1,4518849,1254,48,48
627,1,4518973,1255,48,48
627,1,4519106,1256,48,48
627,1,4519247,1257,48,48
627,1,4519379,1258,48,48
627,1,4519516,1259,48,48
627,1,4519649,1260,48,48
627,1,4519786,1261,48,48
627,1,4519926,1262,48,48
627,1,4520062,1263,48,48
627,1,4520211,1264,48,48
627,1,4520359,1265,48,48
627,1,4603905,1266,48,48
627,1,4603991,1267,48,48
627,1,4604081,1268,48,48
627,1,4604178,1269,48,48
627,1,4605080,1270,49,49
627,1,4605201,1271,49,49
627,1,4605326,1272,49,49
627,1,4605455,1273,49,49
627,1,4605584,1274,49,49
627,1,4605705,1275,49,49
627,1,4605826,1276,49,49
627,1,4605950,1277,49,49
627,1,4606064,1278,49,49
627,1,4606181,1279,49,49
627,1,4606310,1280,49,49
627,1,4606431,1281,49,49
627,1,4606564,1282,49,49
627,1,4606693,1283,49,49
627,1,4606822,1284,49,49
627,1,4606958,1285,49,49
627,1,4607095,1286,49,49
627,1,4607232,1287,49,49
627,1,4607376,1288,49,49
627,1,4607520,1289,49,49
627,1,4607649,1290,49,49
627,1,4607860,1291,49,49
627,1,4638660,1292,49,49
627,1,4638766,1293,49,49
627,1,4638867,1294,49,49
627,1,4638968,1295,49,49
627,1,4639867,1296,50,50
627,1,4639880,1297,50,50
627,1,4640004,1298,50,50
627,1,4640124,1299,50,50
627,1,4640253,1300,50,50
627,1,4640381,1301,50,50
627,1,4640510,1302,50,50
627,1,4640640,1303,50,50
627,1,4640773,1304,50,50
627,1,4640902,1305,50,50
627,1,4641031,1306,50,50
627,1,4641163,1307,50,50
627,1,4641300,1308,50,50
627,1,4641424,1309,50,50
627,1,4641550,1310,50,50
627,1,4641690,1311,50,50
627,1,4641826,1312,50,50
627,1,4641968,1313,50,50
627,1,4642104,1314,50,50
627,1,4642244,1315,50,50
627,1,4642401,1316,50,50
627,1,4642541,1317,50,50
627,1,4643814,1318,50,50
627,1,4643947,1319,50,50
627,1,4644087,1320,50,50
627,0,4702065,52,7,7
627,0,4704533,53,7,7
627,1,4731188,1321,50,50
627,1,4731274,1322,50,50
627,1,4731367,1323,50,50
627,1,4731468,1324,50,50
627,1,4732366,1325,51,51
627,1,4732476,1326,51,51
627,1,4732597,1327,51,51
627,1,4732722,1328,51,51
627,1,4732843,1329,51,51
627,1,4732972,1330,51,51
627,1,4733092,1331,51,51
627,1,4733217,1332,51,51
627,1,4733342,1333,51,51
627,1,4733483,1334,51,51
627,1,4733616,1335,51,51
627,1,4733753,1336,51,51
627,1,4733889,1337,51,51
627,1,4734021,1338,51,51
627,1,4734162,1339,51,51
627,1,4734303,1340,51,51
627,1,4734440,1341,51,51
627,1,4734587,1342,51,51
627,1,4734729,1343,51,51
627,1,4734838,1344,51,51
627,1,4734974,1345,51,51
627,1,4735115,1346,51,51
627,1,4735252,1347,51,51
627,1,4735392,1348,51,51
627,1,4735528,1349,51,51
627,1,4735670,1350,51,51
627,1,4739032,1351,51,51
627,1,4739160,1352,51,51
627,1,4739289,1353,51,51
627,1,4739394,1354,51,51
627,1,4739511,1355,51,51
627,1,4739633,1356,51,51
627,1,4739762,1357,51,51
627,1,4739894,1358,51,51
627,1,4740034,1359,51,51
627,1,4740179,1360,51,51
627,1,4740320,1361,51,51
627,1,4740448,1362,51,51
627,1,4740574,1363,51,51
627,1,4746277,1364,51,51
627,1,4746409,1365,51,51
627,1,4746512,1366,51,51
627,1,4746616,1367,51,51
627,1,4746734,1368,51,51
627,1,4746844,1369,51,51
627,1,4746960,1370,51,51
627,1,4747109,1371,51,51
627,1,4795408,1372,51,51
627,1,4795517,1373,51,51
627,1,4795615,1374,51,51
627,1,4795720,1375,51,51
627,1,4796618,1376,52,52
627,1,4796751,1377,52,52
627,1,4796883,1378,52,52
627,1,4797020,1379,52,52
627,1,4797149,1380,52,52
627,1,4797286,1381,52,52
627,1,4797426,1382,52,52
627,1,4797562,1383,52,52
627,1,4797707,1384,52,52
627,1,4797851,1385,52,52
627,1,4819571,1386,52,52
627,1,4819699,1387,52,52
627,1,4819793,1388,52,52
627,1,4819895,1389,52,52
627,1,4820793,1390,53,53
627,1,4820914,1391,53,53
627,1,4821043,1392,53,53
627,1,4821171,1393,53,53
627,1,4821308,1394,53,53
627,1,4821437,1395,53,53
627,1,4821566,1396,53,53
627,1,4821698,1397,53,53
627,1,4821839,1398,53,53
627,1,4821980,1399,53,53
627,1,4822112,1400,53,53
627,1,4822245,1401,53,53
627,1,4822381,1402,53,53
627,1,4822534,1403,53,53
627,1,4822678,1404,53,53
627,1,4822822,1405,53,53
627,1,4822955,1406,53,53
627,1,4823088,1407,53,53
627,1,4823236,1408,53,53
627,1,4823376,1409,53,53
627,1,4823501,1410,53,53
627,0,5041459,54,7,7
627,1,5059653,1411,53,53
627,1,5059751,1412,53,53
627,1,5059849,1413,53,53
627,1,5059946,1414,53,53
627,1,5060950,1415,54,54
627,1,5060973,1416,54,54
627,1,5061098,1417,54,54
627,1,5061227,1418,54,54
627,1,5061348,1419,54,54
627,1,5061473,1420,54,54
627,1,5061598,1421,54,54
627,1,5061734,1422,54,54
627,1,5061863,1423,54,54
627,1,5062000,1424,54,54
627,1,5062121,1425,54,54
627,1,5062258,1426,54,54
627,1,5062386,1427,54,54
627,1,5062515,1428,54,54
627,1,5062644,1429,54,54
627,1,5062781,1430,54,54
627,1,5062922,1431,54,54
627,1,5063054,1432,54,54
627,1,5063191,1433,54,54
627,1,5063331,1434,54,54
627,1,5063480,1435,54,54
627,1,5063620,1436,54,54
627,1,5063764,1437,54,54
627,1,5063905,1438,54,54
627,1,5064046,1439,54,54
627,1,5064186,1440,54,54
627,1,5064331,1441,54,54
627,1,5064483,1442,54,54
627,1,5064643,1443,54,54
627,1,5064792,1444,54,54
627,1,5064940,1445,54,54
627,1,5065084,1446,54,54
627,1,5065233,1447,54,54
627,1,5065393,1448,54,54
627,1,5065526,1449,54,54
627,1,5078792,1450,54,54
627,1,5078901,1451,54,54
627,1,5079003,1452,54,54
627,1,5079116,1453,54,54
627,1,5079214,1454,54,54
627,1,5079327,1455,54,54
627,1,5079448,1456,54,54
627,1,5079565,1457,54,54
627,1,5079695,1458,54,54
627,1,5079816,1459,54,54
627,1,5079940,1460,54,54
627,1,5080073,1461,54,54
627,1,5080206,1462,54,54
627,1,5080346,1463,54,54
627,1,5080475,1464,54,54
627,1,5080900,1465,54,54
627,1,5081838,1466,55,55
627,1,5081916,1467,55,55
627,1,5082068,1468,55,55
627,1,5082217,1469,55,55
627,1,5082349,1470,55,55
627,1,5082482,1471,55,55
627,1,5082622,1472,55,55
627,1,5082752,1473,55,55
627,1,5082880,1474,55,55
627,1,5083021,1475,55,55
627,1,5083161,1476,55,55
627,1,5083301,1477,55,55
627,1,5083454,1478,55,55
627,1,5083590,1479,55,55
627,1,5083723,1480,55,55
627,1,5083865,1481,55,55
627,1,5084005,1482,55,55
627,1,5084145,1483,55,55
627,1,5084270,1484,55,55
627,1,5084410,1485,55,55
627,1,5084544,1486,55,55
627,1,5084695,1487,55,55
627,1,5084839,1488,55,55
627,1,5094901,1489,55,55
627,1,5095038,1490,55,55
627,1,5095144,1491,55,55
627,1,5095238,1492,55,55
627,1,5095347,1493,55,55
627,1,5095459,1494,55,55
627,1,5095569,1495,55,55
627,1,5095687,1496,55,55
627,1,5095812,1497,55,55
627,1,5095932,1498,55,55
627,1,5096066,1499,55,55
627,1,5096199,1500,55,55
627,1,5096335,1501,55,55
627,1,5096471,1502,55,55
627,1,5096607,1503,55,55
627,1,5096749,1504,55,55
627,1,5096893,1505,55,55
627,1,5097061,1506,55,55
627,1,5112432,1507,55,55
627,1,5112554,1508,55,55
627,1,5112658,1509,55,55
627,1,5112780,1510,55,55
627,1,5113713,1511,56,56
627,1,5113815,1512,56,56
627,1,5113952,1513,56,56
627,1,5114077,1514,56,56
627,1,5114205,1515,56,56
627,1,5114342,1516,56,56
627,1,5114486,1517,56,56
627,1,5114627,1518,56,56
627,1,5114771,1519,56,56
627,1,5114911,1520,56,56
627,1,5115075,1521,56,56
627,1,5121271,1522,56,56
627,1,5121382,1523,56,56
627,1,5121495,1524,56,56
627,1,5121600,1525,56,56
627,1,5121717,1526,56,56
627,1,5121839,1527,56,56
627,1,5121959,1528,56,56
627,1,5122080,1529,56,56
627,1,5122209,1530,56,56
627,1,5122338,1531,56,56
627,1,5122479,1532,56,56
627,1,5122608,1533,56,56
627,1,5122733,1534,56,56
627,1,5122862,1535,56,56
627,1,5123002,1536,56,56
627,1,5123135,1537,56,56
627,1,5123283,1538,56,56
627,1,5123475,1539,56,56
627,1,5123627,1540,56,56
627,1,5123794,1541,56,56
627,1,5133385,1542,56,56
627,1,5133499,1543,56,56
627,1,5133604,1544,56,56
627,1,5133709,1545,56,56
627,1,5134627,1546,57,57
627,1,5134732,1547,57,57
627,1,5134862,1548,57,57
627,1,5134994,1549,57,57
627,1,5135127,1550,57,57
627,1,5135252,1551,57,57
627,1,5135385,1552,57,57
627,1,5135517,1553,57,57
627,1,5135657,1554,57,57
627,1,5135795,1555,57,57
627,1,5135935,1556,57,57
627,1,5136072,1557,57,57
627,1,5136217,1558,57,57
627,1,5136357,1559,57,57
627,1,5136497,1560,57,57
627,1,5136634,1561,57,57
627,1,5136790,1562,57,57
627,1,5136962,1563,57,57
627,1,5137095,1564,57,57
627,1,5137231,1565,57,57
627,1,5137360,1566,57,57
627,1,5188984,1567,57,57
627,1,5189105,1568,57,57
627,1,5189195,1569,57,57
627,1,5189293,1570,57,57
627,1,5190188,1571,58,58
627,1,5190312,1572,58,58
627,1,5190433,1573,58,58
627,1,5190558,1574,58,58
627,1,5190694,1575,58,58
627,1,5190820,1576,58,58
627,1,5190948,1577,58,58
627,1,5191081,1578,58,58
627,1,5191214,1579,58,58
627,1,5191344,1580,58,58
627,1,5191480,1581,58,58
627,1,5191628,1582,58,58
627,1,5191766,1583,58,58
627,1,5191902,1584,58,58
627,1,5192031,1585,58,58
627,1,5192167,1586,58,58
627,1,5192296,1587,58,58
627,1,5192444,1588,58,58
627,1,5192585,1589,58,58
627,1,5192714,1590,58,58
627,1,5196853,1591,58,58
627,1,5196962,1592,58,58
627,1,5197068,1593,58,58
627,1,5197169,1594,58,58
627,1,5197283,1595,58,58
627,1,5197408,1596,58,58
627,1,5197529,1597,58,58
627,1,5197658,1598,58,58
627,1,5197787,1599,58,58
627,1,5197919,1600,58,58
627,1,5198056,1601,58,58
627,1,5198184,1602,58,58
627,1,5198317,1603,58,58
627,1,5198466,1604,58,58
627,1,5198606,1605,58,58
627,1,5198743,1606,58,58
627,1,5198883,1607,58,58
627,1,5199001,1608,58,58
627,0,5269812,55,7,7
627,0,5271218,56,8,8
627,1,5278370,1609,58,58
627,1,5278477,1610,58,58
627,1,5278574,1611,58,58
627,1,5278667,1612,58,58
627,1,5279561,1613,59,59
627,1,5279668,1614,59,59
627,1,5279793,1615,59,59
627,1,5279929,1616,59,59
627,1,5280050,1617,59,59
627,1,5280187,1618,59,59
627,1,5280315,1619,59,59
627,1,5280448,1620,59,59
627,1,5280581,1621,59,59
627,1,5280721,1622,59,59
627,1,5280858,1623,59,59
627,1,5281010,1624,59,59
627,1,5281159,1625,59,59
627,1,5281303,1626,59,59
627,1,5281439,1627,59,59
627,1,5281596,1628,59,59
627,1,5281748,1629,59,59
627,1,5281893,1630,59,59
627,1,5282654,1631,59,59
627,1,5339528,1632,59,59
627,1,5339625,1633,59,59
627,1,5339708,1634,59,59
627,1,5339809,1635,59,59
627,1,5340710,1636,60,60
627,1,5340724,1637,60,60
627,1,5340848,1638,60,60
627,1,5340968,1639,60,60
627,1,5341109,1640,60,60
627,1,5341238,1641,60,60
627,1,5341367,1642,60,60
627,1,5341492,1643,60,60
627,1,5341625,1644,60,60
627,1,5341753,1645,60,60
627,1,5341886,1646,60,60
627,1,5342030,1647,60,60
627,1,5342163,1648,60,60
627,1,5342304,1649,60,60
627,1,5342444,1650,60,60
627,1,5342588,1651,60,60
627,1,5342722,1652,60,60
627,1,5342858,1653,60,60
627,1,5342998,1654,60,60
627,1,5343135,1655,60,60
627,1,5343284,1656,60,60
627,1,5343420,1657,60,60
627,1,5343564,1658,60,60
627,1,5343706,1659,60,60
627,1,5343853,1660,60,60
627,1,5350237,1661,60,60
627,1,5350342,1662,60,60
627,1,5350448,1663,60,60
627,1,5350549,1664,60,60
627,1,5350659,1665,60,60
627,1,5374309,1666,60,60
627,1,5374410,1667,60,60
627,1,5374508,1668,60,60
627,1,5374610,1669,60,60
627,1,5375511,1670,61,61
627,1,5375546,1671,61,61
627,1,5375667,1672,61,61
627,1,5375793,1673,61,61
627,1,5375913,1674,61,61
627,1,5376050,1675,61,61
627,1,5376175,1676,61,61
627,1,5376678,1677,61,61
627,1,5376795,1678,61,61
627,1,5376920,1679,61,61
627,1,5377049,1680,61,61
627,1,5377174,1681,61,61
627,1,5377295,1682,61,61
627,1,5377420,1683,61,61
627,1,5377560,1684,61,61
627,1,5377701,1685,61,61
627,1,5377818,1686,61,61
627,1,5377939,1687,61,61
627,1,5378080,1688,61,61
627,1,5378212,1689,61,61
627,1,5378345,1690,61,61
627,1,5378478,1691,61,61
627,1,5378604,1692,61,61
627,1,5378727,1693,61,61
627,1,5378856,1694,61,61
627,1,5378998,1695,61,61
627,1,5379130,1696,61,61
627,1,5379259,1697,61,61
627,1,5379391,1698,61,61
627,1,5379528,1699,61,61
627,1,5379673,1700,61,61
627,1,5379810,1701,61,61
627,1,5379946,1702,61,61
627,1,5380090,1703,61,61
627,1,5380239,1704,61,61
627,1,5380387,1705,61,61
627,1,5380684,1706,61,61
627,1,5380816,1707,61,61
627,1,5380957,1708,61,61
627,1,5394052,1709,61,61
627,1,5394282,1710,61,61
627,1,5394392,1711,61,61
627,1,5394497,1712,61,61
627,1,5394598,1713,61,61
627,1,5394704,1714,61,61
627,1,5394821,1715,61,61
627,1,5394946,1716,61,61
627,1,5395083,1717,61,61
627,1,5395208,1718,61,61
627,1,5396129,1719,62,62
627,1,5396254,1720,62,62
627,1,5396395,1721,62,62
627,1,5396524,1722,62,62
627,1,5396657,1723,62,62
627,1,5396790,1724,62,62
627,1,5396907,1725,62,62
627,1,5397570,1726,62,62
627,1,5397687,1727,62,62
627,1,5397805,1728,62,62
627,1,5397938,1729,62,62
627,1,5398070,1730,62,62
627,1,5398199,1731,62,62
627,1,5398332,1732,62,62
627,1,5398464,1733,62,62
627,1,5398597,1734,62,62
627,1,5398726,1735,62,62
627,1,5398855,1736,62,62
627,1,5398995,1737,62,62
627,1,5399129,1738,62,62
627,1,5399269,1739,62,62
627,1,5399441,1740,62,62
627,1,5399577,1741,62,62
627,1,5399741,1742,62,62
627,1,5399874,1743,62,62
627,1,5399999,1744,62,62
627,1,5400128,1745,62,62
627,1,5400257,1746,62,62
627,1,5400386,1747,62,62
627,1,5400530,1748,62,62
627,1,5400675,1749,62,62
627,1,5400819,1750,62,62
627,1,5400948,1751,62,62
627,1,5401084,1752,62,62
627,1,5401225,1753,62,62
627,1,5401369,1754,62,62
627,1,5401515,1755,62,62
627,1,5401698,1756,62,62
627,1,5401834,1757,62,62
627,1,5401971,1758,62,62
627,1,5402112,1759,62,62
627,1,5402249,1760,62,62
627,1,5402389,1761,62,62
627,1,5409387,1762,62,62
627,1,5409500,1763,62,62
627,1,5409613,1764,62,62
627,1,5409723,1765,62,62
627,1,5409844,1766,62,62
627,1,5409965,1767,62,62
627,1,5410081,1768,62,62
627,1,5410219,1769,62,62
627,1,5410348,1770,62,62
627,1,5410477,1771,62,62
627,1,5410606,1772,62,62
627,1,5410731,1773,62,62
627,1,5410867,1774,62,62
627,1,5411007,1775,62,62
627,1,5411168,1776,62,62
627,1,5412152,1777,62,62
627,1,5412281,1778,62,62
627,1,5412425,1779,62,62
627,1,5412566,1780,62,62
627,1,5412695,1781,62,62
627,1,5412824,1782,62,62
627,1,5412964,1783,62,62
627,1,5413097,1784,62,62
627,1,5413233,1785,62,62
627,1,5413480,1786,62,62
627,1,5453300,1787,62,62
627,1,5453402,1788,62,62
627,1,5453507,1789,62,62
627,1,5453608,1790,62,62
627,1,5454514,1791,63,63
627,1,5454573,1792,63,63
627,1,5454706,1793,63,63
627,1,5454834,1794,63,63
627,1,5454967,1795,63,63
627,1,5455100,1796,63,63
627,1,5455233,1797,63,63
627,1,5455362,1798,63,63
627,1,5455486,1799,63,63
627,1,5455624,1800,63,63
627,1,5455756,1801,63,63
627,1,5455893,1802,63,63
627,1,5456033,1803,63,63
627,1,5456171,1804,63,63
627,1,5456311,1805,63,63
627,1,5456459,1806,63,63
627,1,5456607,1807,63,63
627,1,5456756,1808,63,63
627,1,5456912,1809,63,63
627,1,5457069,1810,63,63
627,1,5457213,1811,63,63
627,1,5457360,1812,63,63
627,1,5457509,1813,63,63
627,1,5488904,1814,63,63
627,1,5489005,1815,63,63
627,1,5489103,1816,63,63
627,1,5489197,1817,63,63
627,1,5490095,1818,64,64
627,1,5490111,1819,64,64
627,1,5490220,1820,64,64
627,1,5490349,1821,64,64
627,1,5490473,1822,64,64
627,1,5490598,1823,64,64
627,1,5490727,1824,64,64
627,1,5490861,1825,64,64
627,1,5490997,1826,64,64
627,1,5491129,1827,64,64
627,1,5491278,1828,64,64
627,1,5491403,1829,64,64
627,1,5491551,1830,64,64
627,1,5491692,1831,64,64
627,1,5491828,1832,64,64
627,1,5491977,1833,64,64
627,1,5492117,1834,64,64
627,1,5492254,1835,64,64
627,1,5492403,1836,64,64
627,1,5492547,1837,64,64
627,1,5492683,1838,64,64
627,1,5492836,1839,64,64
627,1,5492976,1840,64,64
627,1,5493121,1841,64,64
627,1,5493273,1842,64,64
627,1,5493410,1843,64,64
627,1,5493559,1844,64,64
627,1,5493699,1845,64,64
627,1,5493835,1846,64,64
627,1,5519910,1847,64,64
627,1,5520008,1848,64,64
627,1,5520105,1849,64,64
627,1,5520202,1850,64,64
627,1,5521097,1851,65,65
627,1,5521214,1852,65,65
627,1,5521339,1853,65,65
627,1,5521472,1854,65,65
627,1,5521604,1855,65,65
627,1,5521726,1856,65,65
627,1,5521862,1857,65,65
627,1,5521998,1858,65,65
627,1,5522136,1859,65,65
627,1,5522256,1860,65,65
627,1,5522390,1861,65,65
627,1,5522522,1862,65,65
627,1,5522659,1863,65,65
627,1,5522799,1864,65,65
627,1,5522939,1865,65,65
627,1,5523081,1866,65,65
627,1,5523221,1867,65,65
627,1,5523369,1868,65,65
627,1,5523522,1869,65,65
627,1,5523658,1870,65,65
627,1,5523799,1871,65,65
627,1,5523943,1872,65,65
627,1,5524088,1873,65,65
627,1,5524244,1874,65,65
627,1,5524392,1875,65,65
627,1,5524572,1876,65,65
627,1,5524713,1877,65,65
627,1,5524856,1878,65,65
627,1,5525005,1879,65,65
627,1,5525142,1880,65,65
627,1,5525310,1881,65,65
627,1,5525450,1882,65,65
627,1,5543829,1883,65,65
627,1,5543926,1884,65,65
627,1,5544032,1885,65,65
627,1,5544133,1886,65,65
627,1,5545031,1887,66,66
627,1,5545090,1888,66,66
627,1,5545222,1889,66,66
627,1,5545335,1890,66,66
627,1,5545464,1891,66,66
627,1,5545596,1892,66,66
627,1,5545730,1893,66,66
627,1,5545863,1894,66,66
627,1,5545991,1895,66,66
627,1,5546128,1896,66,66
627,1,5546261,1897,66,66
627,1,5546546,1898,66,66
627,1,5546671,1899,66,66
627,1,5546803,1900,66,66
627,1,5546925,1901,66,66
627,1,5547049,1902,66,66
627,1,5547194,1903,66,66
627,1,5547327,1904,66,66
627,1,5559390,1905,66,66
627,1,5559495,1906,66,66
627,1,5559608,1907,66,66
627,1,5559713,1908,66,66
627,1,5643914,1909,66,66
627,1,5644008,1910,66,66
627,1,5644101,1911,66,66
627,1,5644191,1912,66,66
627,1,5645096,1913,67,67
627,1,5645110,1914,67,67
627,1,5645245,1915,67,67
627,1,5645374,1916,67,67
627,1,5645503,1917,67,67
627,1,5645639,1918,67,67
627,1,5645760,1919,67,67
627,1,5645893,1920,67,67
627,1,5646026,1921,67,67
627,1,5646158,1922,67,67
627,1,5646287,1923,67,67
627,1,5646425,1924,67,67
627,1,5646561,1925,67,67
627,1,5646686,1926,67,67
627,1,5646826,1927,67,67
627,1,5646959,1928,67,67
627,1,5647088,1929,67,67
627,1,5647216,1930,67,67
627,1,5647353,1931,67,67
627,1,5647498,1932,67,67
627,1,5647642,1933,67,67
627,1,5647787,1934,67,67
627,1,5647923,1935,67,67
627,1,5648060,1936,67,67
627,1,5648196,1937,67,67
627,1,5648336,1938,67,67
627,1,5648489,1939,67,67
627,1,5648649,1940,67,67
627,1,5648797,1941,67,67
627,1,5648919,1942,67,67
627,1,5649044,1943,67,67
627,1,5649180,1944,67,67
627,1,5649312,1945,67,67
627,1,5649441,1946,67,67
627,1,5649574,1947,67,67
627,1,5649719,1948,67,67
627,1,5649874,1949,67,67
627,1,5650027,1950,67,67
627,1,5650168,1951,67,67
627,1,5650312,1952,67,67
627,1,5650460,1953,67,67
627,1,5650624,1954,67,67
627,1,5650800,1955,67,67
627,1,5650945,1956,67,67
627,1,5651100,1957,67,67
627,1,5651241,1958,67,67
627,1,5651371,1959,67,67
627,1,5651522,1960,67,67
627,1,5651671,1961,67,67
627,1,5651815,1962,67,67
627,1,5651975,1963,67,67
627,1,5652143,1964,67,67
627,1,5652295,1965,67,67
627,1,5652451,1966,67,67
627,1,5652619,1967,67,67
627,1,5652771,1968,67,67
627,1,5652924,1969,67,67
627,1,5653115,1970,67,67
627,1,5653259,1971,67,67
627,1,5653403,1972,67,67
627,1,5653568,1973,67,67
627,1,5653728,1974,67,67
627,1,5653900,1975,67,67
627,1,5654313,1976,67,67
627,1,5654462,1977,67,67
627,1,5654614,1978,67,67
627,1,5654790,1979,67,67
627,1,5655418,1980,67,67
627,1,5655668,1981,67,67
627,1,5655825,1982,67,67
627,1,5656024,1983,67,67
627,1,5656196,1984,67,67
627,1,5656351,1985,67,67
627,1,5656523,1986,67,67
627,1,5656683,1987,67,67
627,1,5657081,1988,67,67
627,1,5657284,1989,67,67
627,1,5657468,1990,67,67
627,1,5745900,1991,67,67
627,1,5746001,1992,67,67
627,1,5746103,1993,67,67
627,1,5746212,1994,67,67
627,1,5747126,1995,68,68
627,1,5747173,1996,68,68
627,1,5747309,1997,68,68
627,1,5747449,1998,68,68
627,1,5747578,1999,68,68
627,1,5747719,2000,68,68
627,1,5747848,2001,68,68
627,1,5747980,2002,68,68
627,1,5748117,2003,68,68
627,1,5748257,2004,68,68
627,1,5748395,2005,68,68
627,1,5748539,2006,68,68
627,1,5748683,2007,68,68
627,1,5748828,2008,68,68
627,1,5748968,2009,68,68
627,1,5749108,2010,68,68
627,1,5749241,2011,68,68
627,1,5749382,2012,68,68
627,1,5749515,2013,68,68
627,1,5749659,2014,68,68
627,1,5749819,2015,68,68
627,1,5749971,2016,68,68
627,1,5750144,2017,68,68
627,1,5750331,2018,68,68
627,1,5751943,2019,68,68
627,1,5752059,2020,68,68
627,1,5752181,2021,68,68
627,1,5752306,2022,68,68
627,1,5752446,2023,68,68
627,1,5752587,2024,68,68
627,1,5752743,2025,68,68
627,1,5769852,2026,68,68
627,1,5769965,2027,68,68
627,1,5770071,2028,68,68
627,1,5770176,2029,68,68
627,1,5771086,2030,69,69
627,1,5771223,2031,69,69
627,1,5771363,2032,69,69
627,1,5771507,2033,69,69
627,1,5771653,2034,69,69
627,1,5771793,2035,69,69
627,1,5771933,2036,69,69
627,1,5772078,2037,69,69
627,1,5772214,2038,69,69
627,1,5772355,2039,69,69
627,1,5772491,2040,69,69
627,1,5772640,2041,69,69
627,1,5772780,2042,69,69
627,1,5772920,2043,69,69
627,1,5773069,2044,69,69
627,1,5773213,2045,69,69
627,1,5773366,2046,69,69
627,1,5773514,2047,69,69
627,1,5773678,2048,69,69
627,1,5773838,2049,69,69
627,1,5773998,2050,69,69
627,1,5774158,2051,69,69
627,1,5774306,2052,69,69
627,1,5774474,2053,69,69
627,1,5774639,2054,69,69
627,1,5774791,2055,69,69
627,1,5774931,2056,69,69
627,1,5775083,2057,69,69
627,1,5775251,2058,69,69
627,1,5775415,2059,69,69
627,1,5856484,2060,69,69
627,1,5856589,2061,69,69
627,1,5856687,2062,69,69
627,1,5856785,2063,69,69
627,1,5857694,2064,70,70
627,1,5857741,2065,70,70
627,1,5857874,2066,70,70
627,1,5858007,2067,70,70
627,1,5858136,2068,70,70
627,1,5858269,2069,70,70
627,1,5858401,2070,70,70
627,1,5858534,2071,70,70
627,1,5858670,2072,70,70
627,1,5858803,2073,70,70
627,1,5858956,2074,70,70
627,1,5859100,2075,70,70
627,1,5859245,2076,70,70
627,1,5859389,2077,70,70
627,1,5859529,2078,70,70
627,1,5859674,2079,70,70
627,1,5859779,2080,70,70
627,1,5859897,2081,70,70
627,1,5860037,2082,70,70
627,1,5860173,2083,70,70
627,1,5860306,2084,70,70
627,1,5860451,2085,70,70
627,1,5860603,2086,70,70
627,1,5860751,2087,70,70
627,1,5860912,2088,70,70
627,1,5861091,2089,70,70
627,1,5861227,2090,70,70
628,0,6302945,64,7,7
628,0,6305574,65,7,7
628,0,6306122,66,7,7
628,0,6306408,67,7,7
