ID,sensor,tiempo,actividad,evento,exito
620,0,203645,1,0,0
620,1,204569,1,0,0
621,0,195576,1,0,0
621,1,196814,1,0,0
622,0,194877,1,0,0
622,1,196200,1,0,0
623,0,190334,1,0,0
623,1,191297,1,0,0
620,0,256124,2,0,0
620,0,256411,3,0,0
620,0,256659,4,0,0
620,0,257703,5,1,1
620,1,258082,2,0,0
620,1,258292,3,0,0
620,1,258540,4,0,0
620,1,259646,5,1,1
621,0,250852,2,0,0
621,0,251205,3,0,0
621,0,251499,4,0,0
621,0,252577,5,1,1
621,1,253164,2,0,0
621,1,253446,3,0,0
621,1,253705,4,0,0
621,1,254760,5,1,1
622,1,246014,2,0,0
622,1,246292,3,0,0
622,1,246522,4,0,0
622,1,247623,5,1,1
622,0,248446,2,0,0
622,0,248720,3,0,0
622,0,248950,4,0,0
622,0,250012,5,1,1
623,1,243983,2,0,0
623,1,244196,3,0,0
623,1,244402,4,0,0
623,1,245424,5,1,1
623,0,246177,2,0,0
623,0,246431,3,0,0
623,0,246697,4,0,0
623,0,247775,5,1,1
622,1,951428,6,1,1
622,1,951455,7,1,1
621,0,1007086,6,1,1
623,1,993212,6,1,1
623,1,993639,7,1,1
623,1,994050,8,1,1
623,1,998550,9,1,1
623,1,999411,10,2,2
623,0,1091347,6,1,1
623,0,1091883,7,1,1
621,0,1260621,7,1,1
622,1,1313162,8,1,1
620,1,1510745,6,1,1
620,1,1510840,7,1,1
623,1,1484562,11,2,2
620,1,1510932,8,1,1
620,1,1511020,9,1,1
620,1,1512000,10,2,2
620,1,1512819,11,2,2
621,0,1519271,8,1,1
621,0,1608276,9,1,1
621,0,1609677,10,2,2
621,0,1614404,11,2,2
621,0,1614561,12,2,2
620,0,1627622,6,1,1
620,0,1776773,7,1,1
620,0,1777335,8,1,1
620,0,1777445,9,1,1
620,0,1778635,10,2,2
620,0,1778741,11,2,2
620,0,1778868,12,2,2
620,0,1778997,13,2,2
620,0,1779165,14,2,2
620,0,1779280,15,2,2
620,0,1779394,16,2,2
620,0,1779517,17,2,2
620,0,1779635,18,2,2
620,0,1779749,19,2,2
620,0,1779872,20,2,2
620,0,1780002,21,2,2
620,0,1780121,22,2,2
620,0,1780239,23,2,2
620,0,1780362,24,2,2
620,0,1780484,25,2,2
620,0,1780618,26,2,2
620,0,1780740,27,2,2
620,0,1780866,28,2,2
620,0,1780996,29,2,2
620,0,1781126,30,2,2
620,0,1781248,31,2,2
620,0,1781378,32,2,2
620,0,1781512,33,2,2
620,0,1781637,34,2,2
620,0,1781768,35,2,2
620,0,1781901,36,2,2
620,0,1782035,37,2,2
620,0,1782168,38,2,2
620,0,1782325,39,2,2
620,0,1782455,40,2,2
620,0,1782585,41,2,2
620,0,1782726,42,2,2
620,0,1782864,43,2,2
620,0,1782998,44,2,2
620,0,1783128,45,2,2
620,0,1783384,46,2,2
620,0,1783505,47,2,2
620,0,1783631,48,2,2
620,0,1783769,49,2,2
620,0,1783911,50,2,2
620,0,1784048,51,2,2
620,0,1784324,52,2,2
620,0,1784457,53,2,2
620,0,1784588,54,2,2
620,0,1784752,55,2,2
620,0,1784893,56,2,2
620,0,1785034,57,2,2
620,0,1785195,58,2,2
620,0,1785367,59,2,2
620,0,1785520,60,2,2
620,0,1785683,61,2,2
620,0,1785868,62,2,2
620,0,1786001,63,2,2
620,0,1786149,64,2,2
620,0,1786398,65,2,2
620,0,1786784,66,2,2
620,0,1786941,67,2,2
620,0,1787113,68,2,2
620,0,1787281,69,2,2
620,0,1787556,70,2,2
620,0,1787850,71,2,2
620,0,1787992,72,2,2
620,0,1788148,73,2,2
620,0,1788320,74,2,2
620,0,1788435,75,2,2
620,0,1788580,76,2,2
620,0,1788760,77,2,2
620,0,1788929,78,2,2
620,0,1789066,79,2,2
620,0,1789379,80,2,2
620,0,1789539,81,2,2
620,0,1789894,82,2,2
620,0,1790059,83,2,2
620,0,1790357,84,2,2
620,0,1790501,85,2,2
620,0,1790972,86,2,2
620,0,1791044,87,2,2
620,0,1791232,88,2,2
620,0,1791549,89,2,2
620,0,1791724,90,2,2
620,0,1791992,91,2,2
620,0,1795416,92,2,2
620,0,1795733,93,2,2
620,0,1796684,94,2,2
620,0,1796788,95,2,2
620,0,1797082,96,2,2
620,0,1797208,97,2,2
620,0,1797368,98,2,2
620,0,1797678,99,2,2
620,0,1797804,100,2,2
620,0,1798117,101,2,2
620,0,1798426,102,2,2
620,0,1801564,103,2,2
620,0,1801800,104,2,2
620,0,1803972,105,3,3
620,0,1804020,106,3,3
620,0,1804147,107,3,3
620,0,1804273,108,3,3
620,0,1804418,109,3,3
620,0,1804552,110,3,3
620,0,1804717,111,3,3
620,0,1804889,112,3,3
620,0,1805060,113,3,3
623,0,1785772,8,1,1
621,1,1832572,6,1,1
621,1,1832952,7,1,1
621,1,1832996,8,1,1
621,1,1833172,9,1,1
621,1,1834248,10,2,2
620,0,1855271,114,3,3
620,0,1855401,115,3,3
620,0,1855772,116,3,3
620,0,1855891,117,3,3
620,0,1856818,118,4,4
620,0,1856912,119,4,4
620,0,1857030,120,4,4
620,0,1857167,121,4,4
620,0,1857313,122,4,4
620,0,1857469,123,4,4
620,0,1857649,124,4,4
620,0,1857786,125,4,4
620,0,1857939,126,4,4
620,0,1858219,127,4,4
620,0,1858352,128,4,4
620,0,1858497,129,4,4
620,0,1858647,130,4,4
620,0,1858781,131,4,4
620,0,1858918,132,4,4
620,0,1859063,133,4,4
620,0,1859205,134,4,4
620,0,1859346,135,4,4
620,0,1859491,136,4,4
620,0,1859640,137,4,4
620,0,1860431,138,4,4
620,0,1861325,139,4,4
620,0,1861367,140,4,4
620,0,1861516,141,4,4
620,0,1861657,142,4,4
620,0,1861787,143,4,4
620,0,1861906,144,4,4
620,0,1862047,145,4,4
620,0,1862177,146,4,4
620,0,1862327,147,4,4
620,0,1862467,148,4,4
620,0,1862614,149,4,4
620,0,1862751,150,4,4
620,0,1862796,151,4,4
620,0,1862907,152,4,4
620,0,1863572,153,4,4
620,0,1863794,154,4,4
620,0,1864704,155,4,4
620,0,1864753,156,4,4
620,0,1864918,157,4,4
620,0,1865291,158,4,4
620,0,1865483,159,4,4
620,0,1865563,160,4,4
620,0,1865697,161,4,4
620,0,1865835,162,4,4
620,0,1865957,163,4,4
620,0,1866114,164,4,4
620,0,1866847,165,4,4
620,0,1867080,166,4,4
620,0,1867550,167,4,4
620,0,1867734,168,4,4
620,0,1872593,169,4,4
621,1,1863688,11,2,2
621,1,1863887,12,2,2
620,1,1885490,12,2,2
620,1,1885631,13,2,2
620,1,1885776,14,2,2
620,1,1885880,15,2,2
620,1,1886780,16,3,3
620,1,1886935,17,3,3
620,1,1887065,18,3,3
620,1,1887355,19,3,3
620,1,1887707,20,3,3
620,1,1888081,21,3,3
620,1,1895568,22,3,3
620,1,1895705,23,3,3
620,1,1896396,24,3,3
620,1,1896515,25,3,3
620,1,1896791,26,3,3
620,1,1902396,27,3,3
620,1,1902553,28,3,3
620,1,1902660,29,3,3
620,1,1902852,30,3,3
620,1,1902992,31,3,3
620,1,1910739,32,3,3
620,1,1910861,33,3,3
620,1,1916838,34,3,3
620,1,1917216,35,3,3
620,1,1918154,36,4,4
620,0,1936407,170,4,4
620,0,1936502,171,4,4
620,0,1936617,172,4,4
620,0,1936732,173,4,4
620,0,1937758,174,5,5
620,0,1937840,175,5,5
620,0,1937958,176,5,5
620,0,1938077,177,5,5
620,0,1938199,178,5,5
620,0,1938329,179,5,5
620,0,1938444,180,5,5
620,0,1938715,181,5,5
620,0,1938852,182,5,5
620,0,1938987,183,5,5
620,0,1939135,184,5,5
620,0,1939288,185,5,5
620,0,1939563,186,5,5
620,0,1939708,187,5,5
620,0,1939826,188,5,5
620,0,1939969,189,5,5
620,0,1940110,190,5,5
620,0,1940247,191,5,5
620,0,1940392,192,5,5
620,0,1940526,193,5,5
620,0,1940660,194,5,5
620,0,1940794,195,5,5
620,0,1940951,196,5,5
620,0,1941076,197,5,5
620,0,1941218,198,5,5
620,0,1941366,199,5,5
620,0,1942120,200,5,5
620,0,1942353,201,5,5
620,0,1942502,202,5,5
620,0,1942628,203,5,5
620,0,1942773,204,5,5
620,0,1942919,205,5,5
620,0,1943056,206,5,5
620,0,1943190,207,5,5
620,0,1943340,208,5,5
620,0,1943484,209,5,5
620,0,1943625,210,5,5
620,0,1943885,211,5,5
620,0,1944027,212,5,5
620,0,1944187,213,5,5
620,0,1944344,214,5,5
620,0,1944467,215,5,5
620,0,1944642,216,5,5
620,0,1944845,217,5,5
620,0,1945245,218,5,5
620,0,1945395,219,5,5
620,0,1945540,220,5,5
620,0,1945677,221,5,5
620,0,1945807,222,5,5
620,0,1945945,223,5,5
620,0,1946118,224,5,5
620,0,1946251,225,5,5
620,0,1946392,226,5,5
620,0,1946542,227,5,5
620,0,1946679,228,5,5
620,0,1946835,229,5,5
620,0,1946985,230,5,5
620,0,1947203,231,5,5
620,0,1947279,232,5,5
620,0,1947432,233,5,5
620,0,1947585,234,5,5
620,0,1948070,235,5,5
620,0,1948293,236,5,5
620,0,1948430,237,5,5
620,0,1949840,238,5,5
620,0,1950012,239,5,5
620,0,1950157,240,5,5
620,0,1950307,241,5,5
620,0,1950447,242,5,5
620,0,1950585,243,5,5
620,0,1950718,244,5,5
620,0,1950868,245,5,5
620,0,1951025,246,5,5
620,0,1951151,247,5,5
620,0,1951273,248,5,5
620,0,1953723,249,5,5
620,0,1959131,250,5,5
620,0,1959230,251,5,5
620,0,1959501,252,5,5
620,0,1959858,253,5,5
620,0,1960799,254,6,6
620,0,1960924,255,6,6
620,0,1961065,256,6,6
620,0,1961222,257,6,6
620,0,1961405,258,6,6
620,0,1961520,259,6,6
620,0,1962536,260,6,6
620,0,1962651,261,6,6
620,0,1962773,262,6,6
620,0,1962899,263,6,6
620,0,1963026,264,6,6
620,0,1963141,265,6,6
620,0,1963266,266,6,6
620,0,1963393,267,6,6
620,0,1963518,268,6,6
620,0,1963644,269,6,6
620,0,1963766,270,6,6
620,0,1963912,271,6,6
620,0,1964046,272,6,6
620,0,1964164,273,6,6
620,0,1964302,274,6,6
620,0,1964443,275,6,6
620,0,1964577,276,6,6
620,0,1964723,277,6,6
620,0,1964853,278,6,6
620,0,1964986,279,6,6
620,0,1965131,280,6,6
620,0,1965281,281,6,6
620,0,1965407,282,6,6
620,0,1965555,283,6,6
620,0,1965693,284,6,6
620,0,1965850,285,6,6
620,0,1965983,286,6,6
620,0,1966113,287,6,6
620,0,1966243,288,6,6
620,0,1966397,289,6,6
620,0,1966537,290,6,6
620,0,1966671,291,6,6
620,0,1966817,292,6,6
620,0,1966943,293,6,6
620,0,1967092,294,6,6
620,0,1967249,295,6,6
620,0,1967394,296,6,6
620,0,1967523,297,6,6
620,0,1967673,298,6,6
620,0,1967796,299,6,6
620,0,1968077,300,6,6
620,0,1968211,301,6,6
620,0,1968368,302,6,6
620,0,1968502,303,6,6
620,0,1968644,304,6,6
620,0,1968777,305,6,6
620,0,1968964,306,6,6
620,0,1969106,307,6,6
620,0,1969595,308,6,6
620,0,1978942,309,6,6
620,0,1979080,310,6,6
620,0,1979203,311,6,6
620,0,1979329,312,6,6
620,0,1979447,313,6,6
620,0,1979485,314,6,6
620,0,1979561,315,6,6
620,0,1979700,316,6,6
620,0,1979813,317,6,6
620,0,1979936,318,6,6
620,0,1980070,319,6,6
620,0,1980196,320,6,6
620,0,1980334,321,6,6
620,0,1980502,322,6,6
620,0,1981451,323,7,7
620,0,1981973,324,7,7
620,0,1982401,325,7,7
620,0,1982528,326,7,7
620,0,1982642,327,7,7
620,0,1982756,328,7,7
620,0,1982891,329,7,7
620,0,1983009,330,7,7
620,0,1983139,331,7,7
620,0,1983258,332,7,7
620,0,1983376,333,7,7
620,0,1983513,334,7,7
620,0,1983643,335,7,7
620,0,1983777,336,7,7
620,0,1983930,337,7,7
620,0,1984037,338,7,7
620,0,1984159,339,7,7
620,0,1984281,340,7,7
620,0,1984411,341,7,7
620,0,1984538,342,7,7
620,0,1984671,343,7,7
620,0,1984793,344,7,7
620,0,1984935,345,7,7
620,0,1985077,346,7,7
620,0,1985214,347,7,7
620,0,1985352,348,7,7
620,0,1985497,349,7,7
620,0,1985669,350,7,7
620,0,1985795,351,7,7
620,0,1985941,352,7,7
620,0,1986231,353,7,7
620,0,1986376,354,7,7
620,0,1986533,355,7,7
620,0,1986686,356,7,7
620,0,1986996,357,7,7
620,0,1987286,358,7,7
620,0,1987466,359,7,7
620,0,1987584,360,7,7
620,0,1987748,361,7,7
620,0,1987881,362,7,7
620,0,1988421,363,7,7
620,0,1988543,364,7,7
620,0,1988673,365,7,7
620,0,1988856,366,7,7
620,0,1994517,367,7,7
620,0,1994612,368,7,7
620,0,1994723,369,7,7
620,0,1994838,370,7,7
620,0,1994956,371,7,7
620,0,1995067,372,7,7
620,0,1995194,373,7,7
620,0,1995327,374,7,7
620,0,1995468,375,7,7
620,0,1995625,376,7,7
620,0,1995877,377,7,7
620,0,1996007,378,7,7
620,0,1996141,379,7,7
620,0,1998255,380,7,7
620,0,1998652,381,7,7
620,0,1998878,382,7,7
620,0,1998981,383,7,7
620,0,1999092,384,7,7
620,0,1999229,385,7,7
620,0,1999393,386,7,7
620,0,1999634,387,7,7
620,0,1999764,388,7,7
620,0,2001293,389,7,7
620,0,2001388,390,7,7
620,0,2001878,391,7,7
620,0,2001999,392,7,7
620,0,2003063,393,8,8
621,1,1999444,13,2,2
621,1,2009809,14,2,2
621,1,2011476,15,3,3
620,0,2049640,394,8,8
620,0,2049747,395,8,8
620,0,2049942,396,8,8
620,0,2050037,397,8,8
620,0,2050937,398,9,9
620,0,2050950,399,9,9
620,0,2051058,400,9,9
620,0,2051173,401,9,9
620,0,2051296,402,9,9
620,0,2051410,403,9,9
620,0,2051521,404,9,9
620,0,2051746,405,9,9
620,0,2051888,406,9,9
620,0,2052002,407,9,9
620,0,2052117,408,9,9
620,0,2052358,409,9,9
620,0,2052469,410,9,9
620,0,2052587,411,9,9
620,0,2052713,412,9,9
620,0,2052832,413,9,9
620,0,2052954,414,9,9
620,0,2053085,415,9,9
620,0,2053218,416,9,9
620,0,2053470,417,9,9
620,0,2053588,418,9,9
620,0,2053707,419,9,9
620,0,2053833,420,9,9
620,0,2053963,421,9,9
620,0,2054082,422,9,9
620,0,2054219,423,9,9
620,0,2054341,424,9,9
620,0,2054467,425,9,9
620,0,2054586,426,9,9
620,0,2054712,427,9,9
620,0,2054842,428,9,9
620,0,2054968,429,9,9
620,0,2055083,430,9,9
620,0,2055221,431,9,9
620,0,2055351,432,9,9
620,0,2055477,433,9,9
620,0,2055610,434,9,9
620,0,2055737,435,9,9
620,0,2055866,436,9,9
620,0,2055996,437,9,9
620,0,2056119,438,9,9
620,0,2056260,439,9,9
620,0,2056393,440,9,9
620,0,2056531,441,9,9
620,0,2056711,442,9,9
620,0,2056845,443,9,9
620,0,2056990,444,9,9
620,0,2057143,445,9,9
620,0,2057281,446,9,9
620,0,2057430,447,9,9
620,0,2057579,448,9,9
620,0,2057729,449,9,9
620,0,2057869,450,9,9
620,0,2058141,451,9,9
620,0,2058274,452,9,9
620,0,2058420,453,9,9
620,0,2058576,454,9,9
620,0,2058729,455,9,9
620,0,2058860,456,9,9
620,0,2059031,457,9,9
620,0,2059181,458,9,9
620,0,2059315,459,9,9
620,0,2059474,460,9,9
620,0,2059627,461,9,9
620,0,2062816,462,9,9
620,0,2062946,463,9,9
620,0,2063045,464,9,9
620,0,2063144,465,9,9
620,0,2063283,466,9,9
620,0,2063416,467,9,9
620,0,2063526,468,9,9
620,0,2063665,469,9,9
620,0,2063791,470,9,9
620,0,2063947,471,9,9
620,0,2064077,472,9,9
620,0,2064219,473,9,9
620,0,2064494,474,9,9
620,0,2067700,475,9,9
620,0,2067830,476,9,9
620,0,2067980,477,9,9
620,0,2068225,478,9,9
620,0,2068476,479,9,9
620,0,2068606,480,9,9
620,0,2068713,481,9,9
620,0,2068836,482,9,9
620,0,2068966,483,9,9
620,0,2069114,484,9,9
620,0,2069236,485,9,9
620,0,2069366,486,9,9
620,0,2069531,487,9,9
620,0,2071533,488,9,9
620,0,2071687,489,9,9
620,0,2071839,490,9,9
620,0,2072084,491,9,9
620,0,2073147,492,10,10
620,0,2073303,493,10,10
620,0,2073421,494,10,10
620,0,2073689,495,10,10
620,0,2073799,496,10,10
620,0,2081282,497,10,10
620,0,2081392,498,10,10
620,0,2081503,499,10,10
620,0,2081617,500,10,10
620,0,2081721,501,10,10
620,0,2081839,502,10,10
620,0,2081942,503,10,10
620,0,2082061,504,10,10
620,0,2082180,505,10,10
620,0,2082317,506,10,10
620,0,2082450,507,10,10
620,0,2088132,508,10,10
620,0,2088227,509,10,10
620,0,2088358,510,10,10
620,0,2088468,511,10,10
620,0,2088587,512,10,10
620,0,2088732,513,10,10
620,0,2088858,514,10,10
620,0,2088980,515,10,10
620,0,2093673,516,10,10
620,0,2093803,517,10,10
620,0,2093933,518,10,10
620,0,2094208,519,10,10
620,0,2095112,520,11,11
620,0,2095178,521,11,11
620,0,2095977,522,11,11
620,0,2096089,523,11,11
620,1,2177560,37,4,4
620,1,2177659,38,4,4
620,1,2177747,39,4,4
620,1,2177927,40,4,4
620,1,2178819,41,5,5
620,1,2273221,42,5,5
620,1,2273458,43,5,5
620,1,2273545,44,5,5
620,1,2273725,45,5,5
620,1,2275263,46,6,6
620,0,2302745,524,11,11
620,0,2302848,525,11,11
620,0,2303322,526,11,11
620,0,2303414,527,11,11
620,0,2304325,528,12,12
620,0,2304545,529,12,12
620,0,2304656,530,12,12
620,0,2304775,531,12,12
620,0,2304889,532,12,12
620,0,2305011,533,12,12
620,0,2305248,534,12,12
620,0,2305375,535,12,12
620,0,2305488,536,12,12
620,0,2305607,537,12,12
620,0,2305726,538,12,12
620,0,2305848,539,12,12
620,0,2305963,540,12,12
620,0,2306088,541,12,12
620,0,2306215,542,12,12
620,0,2306341,543,12,12
620,0,2306471,544,12,12
620,0,2306593,545,12,12
620,0,2306716,546,12,12
620,0,2306838,547,12,12
620,0,2306961,548,12,12
620,0,2307094,549,12,12
620,0,2307343,550,12,12
620,0,2307473,551,12,12
620,0,2307610,552,12,12
620,0,2307740,553,12,12
620,0,2307893,554,12,12
620,0,2308023,555,12,12
620,0,2308161,556,12,12
620,0,2308310,557,12,12
620,0,2308455,558,12,12
620,0,2308596,559,12,12
620,0,2308757,560,12,12
620,0,2308891,561,12,12
620,0,2308979,562,12,12
620,0,2309276,563,12,12
620,0,2312576,564,12,12
620,0,2316746,565,12,12
620,0,2327855,566,12,12
620,1,2340530,47,6,6
620,1,2343660,48,6,6
620,1,2344368,49,6,6
620,1,2345888,50,6,6
620,1,2356784,51,7,7
620,1,2357849,52,7,7
620,1,2415369,53,7,7
620,1,2415471,54,7,7
620,1,2415590,55,7,7
620,1,2422764,56,7,7
620,1,2432844,57,8,8
620,0,2436234,567,12,12
620,0,2436325,568,12,12
620,0,2436470,569,12,12
620,0,2437485,570,13,13
620,0,2437567,571,13,13
620,0,2437686,572,13,13
620,0,2437808,573,13,13
620,0,2437938,574,13,13
620,0,2438195,575,13,13
620,0,2438312,576,13,13
620,0,2438438,577,13,13
620,0,2438565,578,13,13
620,0,2438691,579,13,13
620,0,2438833,580,13,13
620,0,2438967,581,13,13
620,0,2439104,582,13,13
620,0,2439245,583,13,13
620,0,2439399,584,13,13
620,0,2439525,585,13,13
620,0,2439677,586,13,13
620,0,2441960,587,13,13
620,0,2487975,588,13,13
620,0,2488232,589,13,13
620,0,2488412,590,13,13
620,0,2488534,591,13,13
620,0,2489430,592,14,14
620,0,2489505,593,14,14
620,0,2489734,594,14,14
620,0,2489844,595,14,14
620,0,2489960,596,14,14
620,0,2490078,597,14,14
620,0,2490196,598,14,14
620,0,2490322,599,14,14
620,0,2490452,600,14,14
620,0,2490597,601,14,14
620,0,2490724,602,14,14
620,0,2490850,603,14,14
620,0,2491015,604,14,14
620,0,2491148,605,14,14
620,0,2491285,606,14,14
620,0,2491450,607,14,14
620,0,2491595,608,14,14
620,0,2491725,609,14,14
620,0,2491855,610,14,14
620,0,2492004,611,14,14
620,0,2492145,612,14,14
620,0,2494688,613,14,14
620,0,2494794,614,14,14
620,1,2521361,58,8,8
620,1,2521522,59,8,8
620,1,2521701,60,8,8
620,1,2522683,61,8,8
620,1,2523648,62,9,9
620,1,2527755,63,9,9
621,0,2520827,13,2,2
623,0,2510254,9,1,1
623,0,2511143,10,2,2
620,0,2552587,615,14,14
620,0,2552686,616,14,14
620,0,2552820,617,14,14
620,0,2552938,618,14,14
620,0,2553842,619,15,15
620,0,2553959,620,15,15
620,0,2554074,621,15,15
620,0,2554188,622,15,15
620,0,2554310,623,15,15
620,0,2554429,624,15,15
620,0,2554544,625,15,15
620,0,2554667,626,15,15
620,0,2554784,627,15,15
620,0,2554926,628,15,15
620,0,2555040,629,15,15
620,0,2555166,630,15,15
620,0,2555308,631,15,15
620,0,2555457,632,15,15
620,0,2555595,633,15,15
620,0,2555741,634,15,15
620,0,2555900,635,15,15
620,0,2556035,636,15,15
620,0,2556081,637,15,15
620,0,2556195,638,15,15
620,0,2556447,639,15,15
620,0,2556581,640,15,15
620,0,2556727,641,15,15
620,0,2556853,642,15,15
620,0,2583568,643,15,15
620,0,2583667,644,15,15
620,0,2583767,645,15,15
620,0,2583881,646,15,15
620,0,2584780,647,16,16
620,0,2584794,648,16,16
620,0,2584905,649,16,16
620,0,2585035,650,16,16
620,0,2585150,651,16,16
620,0,2585276,652,16,16
620,0,2585330,653,16,16
620,0,2585399,654,16,16
620,0,2585528,655,16,16
620,0,2585658,656,16,16
620,0,2585795,657,16,16
620,0,2586072,658,16,16
620,0,2586213,659,16,16
620,0,2586361,660,16,16
620,0,2586499,661,16,16
620,0,2586644,662,16,16
620,0,2586813,663,16,16
620,0,2586954,664,16,16
620,0,2587103,665,16,16
620,0,2587264,666,16,16
620,0,2587401,667,16,16
620,0,2587520,668,16,16
620,0,2587902,669,16,16
620,0,2588051,670,16,16
620,0,2588177,671,16,16
620,1,2620848,64,9,9
620,1,2621501,65,9,9
620,0,2689595,672,16,16
620,0,2689676,673,16,16
620,0,2689764,674,16,16
620,0,2689859,675,16,16
620,0,2690759,676,17,17
620,0,2690848,677,17,17
620,0,2690956,678,17,17
620,0,2691070,679,17,17
620,0,2691185,680,17,17
620,0,2691300,681,17,17
620,0,2691426,682,17,17
620,0,2691545,683,17,17
620,0,2691671,684,17,17
620,0,2691785,685,17,17
620,0,2691922,686,17,17
620,0,2692048,687,17,17
620,0,2692178,688,17,17
620,0,2692313,689,17,17
620,0,2692454,690,17,17
620,0,2692595,691,17,17
620,0,2710014,692,17,17
620,0,2710098,693,17,17
620,0,2710195,694,17,17
620,0,2710293,695,17,17
620,0,2711213,696,18,18
620,0,2711225,697,18,18
620,0,2711333,698,18,18
620,0,2711467,699,18,18
620,0,2711588,700,18,18
620,0,2711727,701,18,18
620,0,2711848,702,18,18
620,0,2711983,703,18,18
620,0,2712104,704,18,18
620,0,2712230,705,18,18
620,0,2712356,706,18,18
620,0,2712483,707,18,18
620,0,2712628,708,18,18
620,0,2712766,709,18,18
620,0,2712903,710,18,18
620,0,2713044,711,18,18
620,0,2713205,712,18,18
620,0,2713350,713,18,18
620,0,2713473,714,18,18
620,0,2713587,715,18,18
620,0,2714263,716,18,18
620,0,2714417,717,18,18
620,0,2714539,718,18,18
620,0,2714653,719,18,18
620,0,2714771,720,18,18
620,0,2714894,721,18,18
620,0,2715016,722,18,18
620,0,2715157,723,18,18
620,0,2715298,724,18,18
620,0,2715425,725,18,18
620,0,2718764,726,18,18
620,1,2749665,66,9,9
620,0,2764623,727,18,18
620,0,2764849,728,18,18
620,0,2764895,729,18,18
620,0,2765127,730,18,18
620,0,2766027,731,19,19
620,0,2766098,732,19,19
620,0,2766221,733,19,19
620,0,2766336,734,19,19
620,0,2766583,735,19,19
620,0,2766694,736,19,19
620,0,2766813,737,19,19
620,0,2766935,738,19,19
620,0,2767060,739,19,19
620,0,2767183,740,19,19
620,0,2767305,741,19,19
620,0,2767439,742,19,19
620,0,2767561,743,19,19
620,0,2767680,744,19,19
620,0,2767795,745,19,19
620,0,2767963,746,19,19
620,0,2768073,747,19,19
620,0,2875009,748,19,19
620,0,2875115,749,19,19
620,0,2875203,750,19,19
620,0,2875298,751,19,19
620,0,2876198,752,20,20
620,0,2876307,753,20,20
620,0,2876421,754,20,20
620,0,2876544,755,20,20
620,0,2876669,756,20,20
620,0,2876788,757,20,20
620,0,2876918,758,20,20
620,0,2877036,759,20,20
620,0,2877265,760,20,20
620,0,2877384,761,20,20
620,0,2877502,762,20,20
620,0,2877620,763,20,20
620,0,2877743,764,20,20
620,0,2877864,765,20,20
620,0,2877999,766,20,20
620,0,2878125,767,20,20
620,0,2878251,768,20,20
620,0,2878388,769,20,20
620,0,2878514,770,20,20
620,0,2878655,771,20,20
620,0,2878789,772,20,20
620,0,2879048,773,20,20
620,0,2879185,774,20,20
620,0,2879492,775,20,20
620,0,2879618,776,20,20
620,0,2879744,777,20,20
620,0,2879885,778,20,20
620,0,2911401,779,20,20
620,1,2925745,67,9,9
620,1,2926625,68,10,10
620,1,2932057,69,10,10
620,0,2956523,780,20,20
620,0,2956637,781,20,20
620,0,2957107,782,20,20
620,0,2958003,783,21,21
620,0,2958062,784,21,21
620,0,2958173,785,21,21
620,0,2958287,786,21,21
620,0,2958402,787,21,21
620,0,2958536,788,21,21
620,0,2958650,789,21,21
620,0,2958777,790,21,21
620,0,2958899,791,21,21
620,0,2959021,792,21,21
620,0,2959151,793,21,21
620,0,2959269,794,21,21
620,0,2959395,795,21,21
620,0,2959525,796,21,21
620,0,2959663,797,21,21
620,0,2959796,798,21,21
620,0,2959926,799,21,21
620,0,2960091,800,21,21
623,0,2959230,11,2,2
620,0,2989921,801,21,21
620,0,2990120,802,21,21
620,1,3030245,70,10,10
620,0,3160764,803,21,21
620,0,3160867,804,21,21
620,0,3161767,805,22,22
620,0,3161834,806,22,22
620,0,3161949,807,22,22
620,0,3162062,808,22,22
620,0,3162189,809,22,22
620,0,3162304,810,22,22
620,0,3162419,811,22,22
620,0,3162536,812,22,22
620,0,3162667,813,22,22
620,0,3162869,814,22,22
620,0,3163174,815,22,22
620,0,3163293,816,22,22
620,0,3163412,817,22,22
620,0,3163534,818,22,22
620,0,3163779,819,22,22
620,0,3163897,820,22,22
620,0,3164030,821,22,22
620,0,3164145,822,22,22
620,0,3164275,823,22,22
620,0,3164401,824,22,22
620,0,3164535,825,22,22
620,0,3164654,826,22,22
620,0,3164779,827,22,22
620,0,3164909,828,22,22
620,0,3165051,829,22,22
620,0,3165173,830,22,22
620,0,3165330,831,22,22
620,0,3165463,832,22,22
620,0,3165597,833,22,22
620,0,3165761,834,22,22
620,0,3169440,835,22,22
620,1,3206837,71,10,10
620,1,3207089,72,10,10
620,1,3207280,73,10,10
621,1,3244095,16,3,3
621,1,3244534,17,3,3
621,1,3244996,18,3,3
620,0,3429624,836,22,22
620,0,3429724,837,22,22
620,0,3429830,838,22,22
620,0,3429929,839,22,22
620,0,3430825,840,23,23
620,0,3430862,841,23,23
620,0,3430973,842,23,23
620,0,3431092,843,23,23
620,0,3431462,844,23,23
620,0,3431576,845,23,23
620,0,3431717,846,23,23
620,0,3431833,847,23,23
620,0,3431947,848,23,23
620,0,3432211,849,23,23
620,0,3432330,850,23,23
620,0,3432460,851,23,23
620,0,3432593,852,23,23
620,0,3432731,853,23,23
620,0,3432860,854,23,23
620,0,3432990,855,23,23
620,0,3433109,856,23,23
620,0,3433361,857,23,23
620,0,3433491,858,23,23
620,0,3433613,859,23,23
620,0,3433755,860,23,23
620,0,3433892,861,23,23
620,0,3434025,862,23,23
620,0,3434175,863,23,23
620,0,3434462,864,23,23
620,0,3434591,865,23,23
620,0,3434725,866,23,23
620,0,3434870,867,23,23
620,0,3435765,868,23,23
620,0,3435883,869,23,23
623,0,3428602,12,2,2
623,0,3429835,13,2,2
623,0,3429960,14,2,2
623,0,3431188,15,3,3
623,0,3431225,16,3,3
623,0,3431471,17,3,3
623,0,3431712,18,3,3
623,0,3431954,19,3,3
623,0,3432329,20,3,3
623,0,3432458,21,3,3
623,0,3432574,22,3,3
623,0,3432704,23,3,3
623,0,3432824,24,3,3
623,0,3432945,25,3,3
623,0,3433267,26,3,3
623,0,3433416,27,3,3
623,0,3433573,28,3,3
623,0,3433726,29,3,3
623,0,3434016,30,3,3
623,0,3434165,31,3,3
623,0,3434338,32,3,3
623,0,3434464,33,3,3
623,0,3434713,34,3,3
623,0,3434935,35,3,3
623,0,3435083,36,3,3
623,0,3435256,37,3,3
623,0,3435768,38,3,3
623,0,3436026,39,3,3
623,0,3436204,40,3,3
623,0,3436425,41,3,3
623,0,3437323,42,3,3
623,0,3437500,43,3,3
623,0,3437669,44,3,3
623,0,3437898,45,3,3
620,1,3460923,74,11,11
623,0,3438152,46,3,3
623,0,3438342,47,3,3
623,0,3438526,48,3,3
623,0,3438725,49,3,3
623,0,3438910,50,3,3
623,0,3439098,51,3,3
623,0,3439260,52,3,3
623,0,3439417,53,3,3
623,0,3439948,54,3,3
623,0,3440086,55,3,3
623,0,3440352,56,3,3
623,0,3440536,57,3,3
623,0,3440871,58,3,3
623,0,3441527,59,3,3
623,0,3442240,60,3,3
623,0,3442509,61,3,3
623,0,3444410,62,3,3
623,0,3444588,63,3,3
623,0,3444761,64,3,3
623,0,3444946,65,3,3
623,0,3445147,66,3,3
623,0,3445308,67,3,3
623,0,3445538,68,3,3
623,0,3445727,69,3,3
623,0,3446191,70,3,3
623,0,3446368,71,3,3
623,0,3447044,72,3,3
623,0,3447234,73,3,3
623,0,3449944,74,3,3
623,0,3450335,75,3,3
623,0,3450512,76,3,3
623,0,3450718,77,3,3
623,0,3450874,78,3,3
623,0,3451096,79,3,3
623,0,3452057,80,4,4
623,0,3452530,81,4,4
623,0,3452800,82,4,4
623,0,3453026,83,4,4
623,0,3453279,84,4,4
623,0,3453533,85,4,4
623,0,3453706,86,4,4
623,0,3467336,87,4,4
623,0,3467453,88,4,4
623,0,3467645,89,4,4
623,0,3467823,90,4,4
623,0,3472808,91,4,4
623,0,3474290,92,4,4
623,0,3474460,93,4,4
623,0,3475205,94,4,4
623,0,3476058,95,5,5
623,0,3476582,96,5,5
623,0,3477517,97,5,5
623,0,3477701,98,5,5
623,0,3477947,99,5,5
623,1,3487564,12,2,2
623,1,3488203,13,2,2
623,1,3488566,14,2,2
623,1,3489842,15,3,3
623,1,3489863,16,3,3
623,1,3490407,17,3,3
623,1,3491591,18,3,3
623,1,3491824,19,3,3
623,1,3491981,20,3,3
623,1,3492276,21,3,3
623,1,3492545,22,3,3
623,1,3492940,23,3,3
623,1,3493068,24,3,3
623,1,3493374,25,3,3
623,1,3494579,26,3,3
623,1,3494724,27,3,3
623,1,3495393,28,3,3
623,1,3495521,29,3,3
623,1,3495666,30,3,3
620,0,3532207,870,23,23
620,0,3532310,871,23,23
620,0,3532406,872,23,23
620,0,3532502,873,23,23
620,0,3533402,874,24,24
620,0,3533491,875,24,24
620,0,3533606,876,24,24
620,0,3533843,877,24,24
620,0,3533961,878,24,24
620,0,3534084,879,24,24
620,0,3534324,880,24,24
620,0,3534446,881,24,24
620,0,3534565,882,24,24
620,0,3534817,883,24,24
620,0,3534940,884,24,24
620,0,3535207,885,24,24
620,0,3535325,886,24,24
620,0,3535451,887,24,24
620,0,3535589,888,24,24
620,0,3535868,889,24,24
623,1,3514613,31,3,3
623,1,3514980,32,3,3
623,1,3521216,33,3,3
623,1,3521389,34,3,3
623,1,3522644,35,4,4
623,0,3530187,100,5,5
623,0,3530356,101,5,5
623,0,3530868,102,5,5
623,0,3531202,103,5,5
623,0,3532526,104,6,6
623,0,3533365,105,6,6
623,0,3533779,106,6,6
623,0,3533921,107,6,6
623,0,3534163,108,6,6
623,0,3534296,109,6,6
623,0,3534723,110,6,6
623,0,3546577,111,6,6
623,0,3546871,112,6,6
623,0,3547246,113,6,6
623,0,3547378,114,6,6
623,0,3551861,115,6,6
623,0,3552132,116,6,6
623,0,3554867,117,6,6
623,0,3555177,118,6,6
623,1,3648121,36,4,4
623,1,3649769,37,4,4
620,1,3744926,75,11,11
620,1,3745083,76,11,11
620,1,3745336,77,11,11
620,1,3745614,78,11,11
620,1,3746506,79,12,12
623,1,3733107,38,4,4
623,1,3736286,39,4,4
623,1,3755787,40,5,5
623,0,3805113,119,7,7
620,0,3852502,890,24,24
620,0,3855971,891,24,24
623,0,3843945,120,7,7
620,1,3866437,80,12,12
623,0,3848824,121,7,7
623,1,3851701,41,5,5
623,1,3851922,42,5,5
620,1,3908485,81,12,12
620,1,3908668,82,12,12
620,1,3908832,83,12,12
620,1,3909721,84,13,13
620,0,3923354,892,24,24
620,0,3923737,893,24,24
620,0,3924636,894,25,25
620,0,3924753,895,25,25
620,0,3924868,896,25,25
620,0,3924989,897,25,25
620,0,3925112,898,25,25
620,0,3925346,899,25,25
620,0,3925459,900,25,25
620,0,3925586,901,25,25
620,0,3925712,902,25,25
620,0,3925835,903,25,25
620,0,3926094,904,25,25
620,0,3926217,905,25,25
620,0,3926339,906,25,25
620,0,3926473,907,25,25
620,0,3926599,908,25,25
620,0,3926728,909,25,25
620,0,3926858,910,25,25
620,0,3926992,911,25,25
620,0,3927122,912,25,25
620,0,3927260,913,25,25
620,0,3927394,914,25,25
620,0,3927543,915,25,25
620,0,3927681,916,25,25
620,0,3927829,917,25,25
620,0,3927974,918,25,25
620,0,3928120,919,25,25
620,0,3928261,920,25,25
620,0,3928398,921,25,25
620,0,3928537,922,25,25
620,0,3928681,923,25,25
620,0,3928839,924,25,25
620,0,3928976,925,25,25
620,0,3929144,926,25,25
620,0,3929296,927,25,25
620,0,3929435,928,25,25
623,1,3934380,43,5,5
620,1,3971445,85,13,13
620,1,3971950,86,13,13
620,1,3972560,87,13,13
620,1,3973562,88,13,13
620,1,3974913,89,14,14
620,1,3974961,90,14,14
620,1,3975003,91,14,14
620,1,3976512,92,14,14
620,1,3976768,93,14,14
620,1,3976986,94,14,14
620,1,3977127,95,14,14
620,1,3977651,96,14,14
620,1,3979226,97,14,14
620,1,3983331,98,14,14
620,1,3983739,99,14,14
620,1,4020919,100,14,14
620,0,4031314,929,25,25
620,0,4047563,930,25,25
620,0,4047942,931,25,25
620,0,4048046,932,25,25
620,0,4048945,933,26,26
620,0,4049024,934,26,26
620,0,4049141,935,26,26
620,0,4049260,936,26,26
620,0,4049375,937,26,26
620,0,4049498,938,26,26
620,0,4049611,939,26,26
620,0,4049742,940,26,26
620,0,4049860,941,26,26
620,0,4049978,942,26,26
620,0,4050101,943,26,26
620,0,4050227,944,26,26
620,0,4050354,945,26,26
620,0,4050483,946,26,26
620,0,4050624,947,26,26
620,0,4050750,948,26,26
620,0,4050891,949,26,26
620,0,4051034,950,26,26
620,0,4051164,951,26,26
620,0,4051297,952,26,26
620,0,4051431,953,26,26
620,0,4051710,954,26,26
620,0,4051855,955,26,26
620,0,4051985,956,26,26
620,0,4053017,957,26,26
623,0,4124564,122,7,7
623,0,4135149,123,7,7
623,0,4136687,124,8,8
623,0,4136765,125,8,8
623,0,4136906,126,8,8
623,0,4137539,127,8,8
623,0,4145360,128,8,8
620,0,4226833,958,26,26
620,0,4226936,959,26,26
620,0,4227016,960,26,26
620,0,4227112,961,26,26
620,0,4228115,962,27,27
620,0,4228132,963,27,27
620,0,4228377,964,27,27
620,0,4228496,965,27,27
620,0,4228610,966,27,27
620,0,4228858,967,27,27
620,0,4228980,968,27,27
620,0,4229225,969,27,27
620,0,4229351,970,27,27
620,0,4229478,971,27,27
620,0,4229604,972,27,27
620,0,4229734,973,27,27
620,0,4229868,974,27,27
620,0,4230001,975,27,27
620,0,4230131,976,27,27
620,0,4230260,977,27,27
620,0,4230391,978,27,27
620,0,4230536,979,27,27
620,0,4230677,980,27,27
620,0,4230822,981,27,27
620,0,4231094,982,27,27
620,0,4231236,983,27,27
623,0,4235792,129,8,8
623,0,4242537,130,8,8
623,0,4262175,131,8,8
622,0,4292943,6,1,1
622,0,4294193,7,1,1
622,0,4294778,8,1,1
622,0,4295024,9,1,1
622,0,4296055,10,2,2
622,0,4296434,11,2,2
622,0,4296617,12,2,2
622,0,4296763,13,2,2
622,0,4296884,14,2,2
622,0,4297012,15,2,2
622,0,4297125,16,2,2
622,0,4297250,17,2,2
622,0,4297375,18,2,2
622,0,4297633,19,2,2
622,0,4297750,20,2,2
622,0,4297872,21,2,2
622,0,4298000,22,2,2
622,0,4298130,23,2,2
622,0,4298262,24,2,2
622,0,4298399,25,2,2
622,0,4298540,26,2,2
622,0,4298680,27,2,2
622,0,4298880,28,2,2
622,0,4299055,29,2,2
622,0,4299199,30,2,2
622,0,4299324,31,2,2
622,0,4299461,32,2,2
622,0,4299614,33,2,2
622,0,4299801,34,2,2
622,0,4299973,35,2,2
622,0,4300118,36,2,2
622,0,4300262,37,2,2
622,0,4300419,38,2,2
622,0,4300617,39,2,2
622,0,4300778,40,2,2
622,0,4300942,41,2,2
622,0,4301242,42,2,2
622,0,4301403,43,2,2
622,0,4301594,44,2,2
622,0,4301769,45,2,2
622,0,4301926,46,2,2
622,0,4302301,47,2,2
622,0,4302656,48,2,2
622,0,4302879,49,2,2
622,0,4303062,50,2,2
622,0,4303214,51,2,2
622,0,4303406,52,2,2
622,0,4304222,53,2,2
622,0,4304753,54,2,2
622,0,4305522,55,2,2
622,0,4306174,56,2,2
622,0,4306316,57,2,2
622,0,4306514,58,2,2
623,1,4309636,44,5,5
622,0,4319641,59,2,2
622,0,4319856,60,2,2
622,0,4320039,61,2,2
622,0,4320141,62,2,2
622,0,4321082,63,3,3
622,0,4346493,64,3,3
622,0,4346615,65,3,3
622,0,4346936,66,3,3
622,0,4347048,67,3,3
622,0,4348006,68,4,4
623,1,4354863,45,6,6
623,0,4394685,132,8,8
622,0,4401539,69,4,4
622,0,4401640,70,4,4
622,0,4401742,71,4,4
622,0,4401953,72,4,4
622,0,4402854,73,5,5
622,0,4402961,74,5,5
622,0,4403089,75,5,5
622,0,4403214,76,5,5
622,0,4403332,77,5,5
622,0,4403464,78,5,5
622,0,4403597,79,5,5
622,0,4403729,80,5,5
622,0,4403877,81,5,5
622,0,4404011,82,5,5
622,0,4404155,83,5,5
622,0,4404291,84,5,5
622,0,4404651,85,5,5
622,0,4404772,86,5,5
622,0,4404893,87,5,5
622,0,4405025,88,5,5
622,0,4405154,89,5,5
622,0,4405283,90,5,5
622,0,4405408,91,5,5
622,0,4405560,92,5,5
622,0,4405701,93,5,5
622,0,4405838,94,5,5
622,0,4405966,95,5,5
622,0,4406154,96,5,5
622,0,4406310,97,5,5
622,0,4406459,98,5,5
622,0,4406615,99,5,5
622,0,4406787,100,5,5
622,0,4406946,101,5,5
622,0,4407091,102,5,5
622,0,4407303,103,5,5
622,0,4407443,104,5,5
622,0,4407571,105,5,5
622,0,4407720,106,5,5
622,0,4407872,107,5,5
622,0,4408029,108,5,5
622,0,4408309,109,5,5
622,0,4408450,110,5,5
622,0,4408587,111,5,5
622,0,4408731,112,5,5
622,0,4408884,113,5,5
622,0,4409059,114,5,5
622,0,4409216,115,5,5
622,0,4409356,116,5,5
622,0,4409496,117,5,5
622,0,4409657,118,5,5
622,0,4409856,119,5,5
622,0,4410152,120,5,5
622,0,4410277,121,5,5
622,0,4410419,122,5,5
622,0,4410562,123,5,5
622,0,4410699,124,5,5
622,0,4411063,125,5,5
622,0,4411203,126,5,5
622,0,4411359,127,5,5
622,0,4411643,128,5,5
622,0,4411792,129,5,5
622,0,4411936,130,5,5
622,0,4412101,131,5,5
622,0,4412269,132,5,5
622,0,4412452,133,5,5
622,0,4412858,134,5,5
622,0,4413002,135,5,5
622,0,4413151,136,5,5
622,0,4413295,137,5,5
622,0,4413502,138,5,5
622,0,4427743,139,5,5
622,0,4428149,140,5,5
622,0,4428281,141,5,5
622,0,4428394,142,5,5
622,0,4429476,143,6,6
622,0,4441613,144,6,6
622,0,4441917,145,6,6
622,0,4442104,146,6,6
622,0,4442222,147,6,6
622,0,4442323,148,6,6
622,0,4442558,149,6,6
622,0,4442662,150,6,6
622,0,4442905,151,6,6
622,0,4443026,152,6,6
622,0,4443147,153,6,6
622,0,4443280,154,6,6
622,0,4443517,155,6,6
622,0,4443634,156,6,6
622,0,4443756,157,6,6
622,0,4444029,158,6,6
622,0,4444153,159,6,6
622,0,4444282,160,6,6
622,0,4444560,161,6,6
622,0,4444689,162,6,6
622,0,4444810,163,6,6
622,0,4444969,164,6,6
622,0,4445099,165,6,6
622,0,4445228,166,6,6
622,0,4445380,167,6,6
622,0,4445528,168,6,6
622,0,4445657,169,6,6
622,0,4445786,170,6,6
622,0,4445962,171,6,6
622,0,4446098,172,6,6
622,0,4446235,173,6,6
622,0,4446371,174,6,6
622,0,4446508,175,6,6
622,0,4446637,176,6,6
622,0,4446796,177,6,6
622,0,4446945,178,6,6
622,0,4447101,179,6,6
622,0,4447429,180,6,6
622,0,4447569,181,6,6
622,0,4447707,182,6,6
622,0,4447855,183,6,6
623,1,4450458,46,6,6
623,1,4461253,47,6,6
622,0,4489747,184,6,6
622,0,4489961,185,6,6
622,0,4490062,186,6,6
622,0,4490183,187,6,6
622,0,4491101,188,7,7
622,0,4491125,189,7,7
622,0,4491476,190,7,7
622,0,4491601,191,7,7
622,0,4491729,192,7,7
622,0,4499268,193,7,7
622,0,4499374,194,7,7
622,0,4499643,195,7,7
622,0,4499744,196,7,7
622,0,4499847,197,7,7
622,0,4499951,198,7,7
622,0,4500065,199,7,7
622,0,4500182,200,7,7
622,0,4500303,201,7,7
622,0,4500427,202,7,7
622,0,4500662,203,7,7
622,0,4500771,204,7,7
622,0,4500888,205,7,7
622,0,4501013,206,7,7
622,0,4501135,207,7,7
622,0,4501252,208,7,7
622,0,4501372,209,7,7
622,0,4501497,210,7,7
622,0,4501622,211,7,7
622,0,4501763,212,7,7
622,0,4501892,213,7,7
622,0,4502025,214,7,7
622,0,4502161,215,7,7
622,0,4502318,216,7,7
622,0,4502465,217,7,7
622,0,4502602,218,7,7
622,0,4502778,219,7,7
622,0,4502906,220,7,7
622,0,4503074,221,7,7
622,0,4503234,222,7,7
622,0,4503364,223,7,7
622,0,4503512,224,7,7
622,0,4503727,225,7,7
622,0,4533099,226,7,7
622,0,4533349,227,7,7
622,0,4533478,228,7,7
622,0,4533592,229,7,7
622,0,4534509,230,8,8
622,0,4534548,231,8,8
622,0,4535040,232,8,8
622,0,4535184,233,8,8
622,0,4535317,234,8,8
623,0,4544257,133,9,9
622,0,4557686,235,8,8
622,0,4557824,236,8,8
622,0,4557896,237,8,8
622,0,4558007,238,8,8
622,0,4558915,239,9,9
622,0,4558951,240,9,9
620,0,4645191,984,27,27
620,0,4645283,985,27,27
620,0,4645597,986,27,27
620,0,4645699,987,27,27
620,0,4646595,988,28,28
620,0,4646608,989,28,28
620,0,4646902,990,28,28
623,0,4777355,134,9,9
623,0,4777491,135,9,9
623,0,4777689,136,9,9
623,0,4778473,137,9,9
623,0,4780059,138,10,10
623,1,4793172,48,6,6
623,1,4794465,49,6,6
622,0,4824832,241,9,9
622,0,4825042,242,9,9
622,0,4825136,243,9,9
622,0,4825237,244,9,9
622,0,4826245,245,10,10
622,0,4826264,246,10,10
622,0,4826635,247,10,10
622,0,4826744,248,10,10
622,0,4826890,249,10,10
622,0,4827018,250,10,10
622,0,4827147,251,10,10
622,0,4827444,252,10,10
622,0,4827560,253,10,10
622,0,4827823,254,10,10
622,0,4827943,255,10,10
622,0,4828345,256,10,10
622,0,4828790,257,10,10
623,1,4885640,50,7,7
623,0,4958484,139,10,10
623,0,4958980,140,10,10
623,1,4993069,51,7,7
620,0,5014971,991,28,28
620,0,5015487,992,28,28
620,0,5015595,993,28,28
620,0,5015697,994,28,28
620,0,5016601,995,29,29
620,0,5016809,996,29,29
620,0,5016928,997,29,29
620,0,5017168,998,29,29
620,0,5017282,999,29,29
620,0,5017401,1000,29,29
620,0,5017657,1001,29,29
620,0,5017772,1002,29,29
620,0,5017893,1003,29,29
620,0,5018150,1004,29,29
620,0,5018275,1005,29,29
620,0,5018398,1006,29,29
620,0,5018646,1007,29,29
620,0,5018773,1008,29,29
620,0,5019021,1009,29,29
620,0,5019147,1010,29,29
620,0,5019270,1011,29,29
620,0,5019396,1012,29,29
620,0,5019529,1013,29,29
620,0,5019644,1014,29,29
620,0,5019800,1015,29,29
620,0,5019938,1016,29,29
620,0,5020071,1017,29,29
620,0,5020201,1018,29,29
620,0,5020343,1019,29,29
620,0,5020488,1020,29,29
620,0,5020779,1021,29,29
620,0,5021138,1022,29,29
620,0,5021287,1023,29,29
620,0,5021448,1024,29,29
620,0,5029867,1025,29,29
622,0,5030774,258,10,10
622,0,5030988,259,10,10
622,0,5031192,260,10,10
622,0,5031298,261,10,10
622,0,5038589,262,11,11
622,0,5079911,263,11,11
623,0,5116082,141,10,10
622,0,5247731,264,11,11
622,0,5247974,265,11,11
622,0,5248083,266,11,11
622,0,5249122,267,12,12
622,0,5249173,268,12,12
622,0,5249317,269,12,12
622,0,5249488,270,12,12
622,0,5249738,271,12,12
622,0,5249867,272,12,12
622,0,5250016,273,12,12
622,0,5250262,274,12,12
622,0,5250520,275,12,12
622,0,5250653,276,12,12
622,0,5250965,277,12,12
622,0,5251222,278,12,12
622,0,5251491,279,12,12
622,0,5251616,280,12,12
622,0,5252006,281,12,12
622,0,5252131,282,12,12
622,0,5252542,283,12,12
623,1,5274889,52,7,7
620,0,5298306,1026,29,29
620,0,5298573,1027,29,29
620,0,5298665,1028,29,29
620,0,5298749,1029,29,29
620,0,5299645,1030,30,30
620,0,5299734,1031,30,30
620,0,5299853,1032,30,30
620,0,5299972,1033,30,30
620,0,5300232,1034,30,30
620,0,5300349,1035,30,30
620,0,5300480,1036,30,30
620,0,5300598,1037,30,30
620,0,5300723,1038,30,30
620,0,5300857,1039,30,30
620,0,5300995,1040,30,30
620,0,5301144,1041,30,30
620,0,5301309,1042,30,30
620,0,5301442,1043,30,30
620,0,5301763,1044,30,30
620,0,5301909,1045,30,30
620,0,5302210,1046,30,30
620,0,5302351,1047,30,30
620,0,5302481,1048,30,30
620,0,5302642,1049,30,30
620,0,5302845,1050,30,30
620,0,5326197,1051,30,30
620,0,5326292,1052,30,30
620,0,5326392,1053,30,30
620,0,5326503,1054,30,30
620,0,5327418,1055,31,31
620,0,5327500,1056,31,31
620,0,5327626,1057,31,31
620,0,5327752,1058,31,31
620,0,5327893,1059,31,31
620,0,5328020,1060,31,31
620,0,5328191,1061,31,31
620,0,5328340,1062,31,31
620,0,5328471,1063,31,31
620,0,5328619,1064,31,31
620,0,5328753,1065,31,31
620,0,5328883,1066,31,31
620,0,5329039,1067,31,31
620,0,5329177,1068,31,31
620,0,5329341,1069,31,31
620,0,5329475,1070,31,31
620,0,5329762,1071,31,31
620,0,5329891,1072,31,31
620,0,5330033,1073,31,31
620,0,5330170,1074,31,31
620,0,5330334,1075,31,31
620,0,5330476,1076,31,31
620,0,5330740,1077,31,31
620,0,5330866,1078,31,31
620,0,5331000,1079,31,31
620,0,5333161,1080,31,31
620,0,5335121,1081,31,31
620,0,5335233,1082,31,31
620,0,5336937,1083,31,31
620,0,5337048,1084,31,31
620,0,5337155,1085,31,31
620,0,5337299,1086,31,31
620,0,5337449,1087,31,31
620,0,5337590,1088,31,31
620,0,5337708,1089,31,31
620,0,5337846,1090,31,31
620,0,5337965,1091,31,31
620,0,5338084,1092,31,31
620,0,5338213,1093,31,31
620,0,5338347,1094,31,31
620,0,5338488,1095,31,31
620,0,5338626,1096,31,31
620,0,5338767,1097,31,31
620,0,5342332,1098,31,31
620,0,5344140,1099,31,31
620,0,5344242,1100,31,31
620,0,5344342,1101,31,31
620,0,5344445,1102,31,31
620,0,5344571,1103,31,31
620,0,5344824,1104,31,31
620,0,5344943,1105,31,31
620,0,5345064,1106,31,31
620,0,5345190,1107,31,31
620,0,5345312,1108,31,31
620,0,5345458,1109,31,31
620,0,5345581,1110,31,31
620,0,5350983,1111,31,31
620,0,5351691,1112,31,31
622,0,5334025,284,12,12
622,0,5334263,285,12,12
620,0,5359623,1113,31,31
620,0,5359741,1114,31,31
620,0,5360989,1115,32,32
620,0,5361048,1116,32,32
620,0,5361174,1117,32,32
620,0,5361331,1118,32,32
621,1,5403774,19,3,3
622,0,5507320,286,12,12
622,0,5507457,287,12,12
620,0,5526319,1119,32,32
620,0,5526437,1120,32,32
620,0,5526544,1121,32,32
620,0,5526650,1122,32,32
622,0,5508378,288,13,13
622,0,5508703,289,13,13
620,0,5527570,1123,33,33
620,0,5527607,1124,33,33
622,0,5508933,290,13,13
620,0,5527729,1125,33,33
622,0,5509047,291,13,13
620,0,5527851,1126,33,33
622,0,5509172,292,13,13
622,0,5509297,293,13,13
620,0,5528095,1127,33,33
622,0,5509417,294,13,13
620,0,5528221,1128,33,33
622,0,5509538,295,13,13
620,0,5528348,1129,33,33
622,0,5509676,296,13,13
622,0,5509813,297,13,13
620,0,5528614,1130,33,33
622,0,5509938,298,13,13
620,0,5528733,1131,33,33
622,0,5510066,299,13,13
620,0,5528859,1132,33,33
622,0,5510203,300,13,13
620,0,5528981,1133,33,33
622,0,5510336,301,13,13
620,0,5529119,1134,33,33
620,0,5529245,1135,33,33
620,0,5529379,1136,33,33
620,0,5529505,1137,33,33
620,0,5529634,1138,33,33
620,0,5529781,1139,33,33
620,0,5530037,1140,33,33
620,0,5530163,1141,33,33
620,0,5530296,1142,33,33
620,0,5530430,1143,33,33
620,0,5530564,1144,33,33
620,0,5530717,1145,33,33
620,0,5530862,1146,33,33
620,0,5531022,1147,33,33
620,0,5531317,1148,33,33
620,0,5531447,1149,33,33
620,0,5531580,1150,33,33
620,0,5531729,1151,33,33
620,0,5532061,1152,33,33
620,0,5532218,1153,33,33
620,0,5532375,1154,33,33
620,0,5532577,1155,33,33
620,0,5532723,1156,33,33
620,0,5532860,1157,33,33
620,0,5532986,1158,33,33
620,0,5533151,1159,33,33
620,0,5616210,1160,33,33
620,0,5616336,1161,33,33
620,0,5616462,1162,33,33
620,0,5616570,1163,33,33
620,0,5617477,1164,34,34
620,0,5617559,1165,34,34
620,0,5617692,1166,34,34
620,0,5617811,1167,34,34
620,0,5617945,1168,34,34
620,0,5618078,1169,34,34
620,0,5618216,1170,34,34
620,0,5618345,1171,34,34
620,0,5618495,1172,34,34
620,0,5618640,1173,34,34
620,0,5618775,1174,34,34
620,0,5618919,1175,34,34
620,0,5619203,1176,34,34
620,0,5619340,1177,34,34
620,0,5619470,1178,34,34
620,0,5619614,1179,34,34
620,0,5619760,1180,34,34
620,0,5620031,1181,34,34
620,0,5620161,1182,34,34
620,0,5620287,1183,34,34
620,0,5620432,1184,34,34
620,0,5620578,1185,34,34
620,0,5620715,1186,34,34
620,0,5620872,1187,34,34
620,0,5621028,1188,34,34
620,0,5621192,1189,34,34
620,0,5621364,1190,34,34
620,0,5621438,1191,34,34
623,0,5633445,142,10,10
623,0,5655223,143,11,11
623,0,5701052,144,11,11
623,0,5701809,145,11,11
623,0,5702277,146,11,11
623,0,5702829,147,11,11
623,0,5704237,148,12,12
621,0,5781153,14,2,2
623,0,5806553,149,12,12
623,0,5806926,150,12,12
620,0,5835873,1192,34,34
620,0,5835984,1193,34,34
620,0,5836190,1194,34,34
620,0,5836298,1195,34,34
620,0,5837197,1196,35,35
620,0,5837348,1197,35,35
620,0,5837486,1198,35,35
620,0,5837734,1199,35,35
620,0,5837864,1200,35,35
622,0,5890867,302,13,13
622,0,5890989,303,13,13
622,0,5891222,304,13,13
622,0,5891343,305,13,13
622,0,5892249,306,14,14
622,0,5892375,307,14,14
622,0,5892511,308,14,14
622,0,5892644,309,14,14
622,0,5892777,310,14,14
622,0,5892907,311,14,14
622,0,5893043,312,14,14
622,0,5893312,313,14,14
622,0,5893437,314,14,14
622,0,5893559,315,14,14
622,0,5893684,316,14,14
622,0,5893816,317,14,14
622,0,5893941,318,14,14
622,0,5894070,319,14,14
622,0,5894206,320,14,14
622,0,5894343,321,14,14
622,0,5894476,322,14,14
622,0,5894608,323,14,14
622,0,5894737,324,14,14
622,0,5894866,325,14,14
622,0,5895004,326,14,14
622,0,5895133,327,14,14
622,0,5895288,328,14,14
622,0,5895434,329,14,14
622,0,5895582,330,14,14
622,0,5895745,331,14,14
622,0,5895895,332,14,14
623,0,5900880,151,12,12
623,0,5901041,152,12,12
623,0,5902176,153,13,13
622,0,5902788,333,14,14
622,0,5902941,334,14,14
622,0,5903183,335,14,14
622,0,5903324,336,14,14
622,0,5939881,337,14,14
622,0,5940068,338,14,14
622,0,5940201,339,14,14
622,0,5940330,340,14,14
622,0,5941243,341,15,15
622,0,5946337,342,15,15
622,0,5946501,343,15,15
622,0,5946652,344,15,15
622,0,5946789,345,15,15
622,0,5946923,346,15,15
622,0,5947039,347,15,15
622,0,5947168,348,15,15
622,0,5947313,349,15,15
622,0,5947476,350,15,15
622,0,5947614,351,15,15
622,0,5947747,352,15,15
622,0,5948043,353,15,15
622,0,5948172,354,15,15
622,0,5948301,355,15,15
622,0,5948437,356,15,15
622,0,5948574,357,15,15
622,0,5948734,358,15,15
622,0,5948871,359,15,15
622,0,5949007,360,15,15
622,0,5949156,361,15,15
622,0,5949485,362,15,15
622,0,5949629,363,15,15
622,0,5949769,364,15,15
622,0,5949910,365,15,15
622,0,5950054,366,15,15
622,0,5950211,367,15,15
622,0,5950355,368,15,15
622,0,5950523,369,15,15
622,0,5950675,370,15,15
622,0,5950875,371,15,15
622,0,5951011,372,15,15
622,0,5951152,373,15,15
622,0,5951288,374,15,15
620,0,6329411,1201,35,35
620,0,6329515,1202,35,35
620,0,6329602,1203,35,35
620,0,6329705,1204,35,35
620,0,6330608,1205,36,36
620,0,6330626,1206,36,36
620,0,6330752,1207,36,36
620,0,6331015,1208,36,36
620,0,6331137,1209,36,36
620,0,6331264,1210,36,36
620,0,6331388,1211,36,36
620,0,6331518,1212,36,36
620,0,6331645,1213,36,36
620,0,6331770,1214,36,36
620,0,6331900,1215,36,36
620,0,6332023,1216,36,36
620,0,6332286,1217,36,36
620,0,6332547,1218,36,36
620,0,6332673,1219,36,36
620,0,6332798,1220,36,36
620,0,6332929,1221,36,36
620,0,6333062,1222,36,36
620,0,6333188,1223,36,36
620,0,6333326,1224,36,36
620,0,6333463,1225,36,36
620,0,6333607,1226,36,36
620,0,6333737,1227,36,36
620,0,6333880,1228,36,36
620,0,6334017,1229,36,36
620,0,6334154,1230,36,36
620,0,6334322,1231,36,36
620,0,6334471,1232,36,36
620,0,6334616,1233,36,36
620,0,6334766,1234,36,36
620,0,6334914,1235,36,36
620,0,6335071,1236,36,36
620,0,6335223,1237,36,36
620,0,6335521,1238,36,36
